province,clusters_yield,allocated_sqkm,province_land_sqkm,province_cluster_share,regime,production_t,harvested_area_ha,allocated_production_t,allocated_harvested_area_ha
Abra,1,436.4470681059218,3485.290533984941,0.12522544787877576,irrigated,56343.5,14548.87,7055.640022557803,1821.8887618800845
Abra,1,436.4470681059218,3485.290533984941,0.12522544787877576,rainfed,27323.6,8833.8,3421.6100476605175,1106.2165614715293
Abra,2,712.7776968695171,3485.290533984941,0.20451026676807793,irrigated,56343.5,14548.87,11522.824215647199,2975.393284874086
Abra,2,712.7776968695171,3485.290533984941,0.20451026676807793,rainfed,27323.6,8833.8,5587.956725064254,1806.6027945758467
Abra,3,436.80664752739494,3485.290533984941,0.12532861845177878,irrigated,56343.5,14548.87,7061.453013737798,1823.389777134531
Abra,3,436.80664752739494,3485.290533984941,0.12532861845177878,rainfed,27323.6,8833.8,3424.4290391290224,1107.1279496793234
Abra,4,8.477565705813875,3485.290533984941,0.002432384222534518,irrigated,56343.5,14548.87,137.0490404423736,35.38844184370577
Abra,4,8.477565705813875,3485.290533984941,0.002432384222534518,rainfed,27323.6,8833.8,66.46149354284415,21.48719574502542
Abra,5,961.4642242708414,3485.290533984941,0.2758634366046787,irrigated,56343.5,14548.87,15543.111540335714,4013.5012769147124
Abra,5,961.4642242708414,3485.290533984941,0.2758634366046787,rainfed,27323.6,8833.8,7537.5821964115985,2436.9224262784105
Abra,6,850.9983411163512,3485.290533984941,0.24416855146459024,irrigated,56343.5,14548.87,13757.31077944514,3552.376513346633
Abra,6,850.9983411163512,3485.290533984941,0.24416855146459024,rainfed,27323.6,8833.8,6671.563832797878,2156.936149927897
Abra,7,78.31899038910039,3485.290533984941,0.022471294609564044,irrigated,56343.5,14548.87,1266.1113878339718,326.93194400624805
Abra,7,78.31899038910039,3485.290533984941,0.022471294609564044,rainfed,27323.6,8833.8,613.9966653938841,198.50692232196684
Agusan del Norte,2,668.2251832826952,2536.045334400561,0.2634910244775423,irrigated,62796.68,18308.0,16546.36154698839,4823.9936761348445
Agusan del Norte,2,668.2251832826952,2536.045334400561,0.2634910244775423,rainfed,7696.74,2520.0,2028.021907737279,663.9973816834066
Agusan del Norte,3,75.70574685455449,2536.045334400561,0.029851890195980616,irrigated,62796.68,18308.0,1874.599596032132,546.5284057080131
Agusan del Norte,3,75.70574685455449,2536.045334400561,0.029851890195980616,rainfed,7696.74,2520.0,229.76223734701185,75.22676329387116
Agusan del Norte,4,662.8348665894999,2536.045334400561,0.26136554327258216,irrigated,62796.68,18308.0,16412.888383914495,4785.080366234434
Agusan del Norte,4,662.8348665894999,2536.045334400561,0.26136554327258216,rainfed,7696.74,2520.0,2011.662631527814,658.6411690469071
Agusan del Norte,8,1129.279537673811,2536.045334400561,0.4452915420538948,irrigated,62796.68,18308.0,27962.830473064976,8152.397551922706
Agusan del Norte,8,1129.279537673811,2536.045334400561,0.4452915420538948,rainfed,7696.74,2520.0,3427.293223387894,1122.134685975815
Agusan del Sur,2,971.9562854103214,7533.674435400903,0.12901490418049885,irrigated,150335.0,43210.0,19395.455619975295,5574.7340096393555
Agusan del Sur,2,971.9562854103214,7533.674435400903,0.12901490418049885,rainfed,119103.44,42290.0,15366.118899167794,5456.040297793296
Agusan del Sur,4,1189.9053293204906,7533.674435400903,0.1579448832735722,irrigated,150335.0,43210.0,23744.644026932478,6824.798406251055
Agusan del Sur,4,1189.9053293204906,7533.674435400903,0.1579448832735722,rainfed,119103.44,42290.0,18811.77892828091,6679.489113639368
Agusan del Sur,8,5371.812820670091,7533.674435400903,0.713040212545929,irrigated,150335.0,43210.0,107194.90035309223,30810.467584109592
Agusan del Sur,8,5371.812820670091,7533.674435400903,0.713040212545929,rainfed,119103.44,42290.0,84925.5421725513,30154.470588567336
Aklan,2,80.2237674201569,1341.6922672949595,0.059792971440387976,irrigated,69009.61,19588.0,4126.289639842313,1171.2247245743197
Aklan,2,80.2237674201569,1341.6922672949595,0.059792971440387976,rainfed,53297.58,18815.0,3186.8206787817935,1125.0047576508998
Aklan,4,129.7886033192971,1341.6922672949595,0.09673500137328002,irrigated,69009.61,19588.0,6675.644718119519,1894.845206899809
Aklan,4,129.7886033192971,1341.6922672949595,0.09673500137328002,rainfed,53297.58,18815.0,5155.741474492502,1820.0690508382636
Aklan,8,1131.6798965555056,1341.6922672949595,0.8434720271863321,irrigated,69009.61,19588.0,58207.67564203817,16521.93006852587
Aklan,8,1131.6798965555056,1341.6922672949595,0.8434720271863321,rainfed,53297.58,18815.0,44955.01784672571,15869.926191510838
Albay,8,2136.3788508385633,2136.3788508385633,1.0,irrigated,186439.7,43920.0,186439.7,43920.0
Albay,8,2136.3788508385633,2136.3788508385633,1.0,rainfed,29567.25,9973.0,29567.25,9973.0
Antique,1,61.832596003932856,2209.5529278690665,0.027984211296339188,irrigated,145642.0,35093.0,4075.676501621432,982.0499270224311
Antique,1,61.832596003932856,2209.5529278690665,0.027984211296339188,rainfed,119889.0,35999.94,3354.9991081068088,1007.4299276155331
Antique,2,248.59260503381628,2209.5529278690665,0.1125081014798607,irrigated,145642.0,35093.0,16385.904915729872,3948.2468052327517
Antique,2,248.59260503381628,2209.5529278690665,0.1125081014798607,rainfed,119889.0,35999.94,13488.48377831902,4050.284902788897
Antique,3,1022.943429596962,2209.5529278690665,0.46296398547171597,irrigated,145642.0,35093.0,67427.00077207165,16246.795142158928
Antique,3,1022.943429596962,2209.5529278690665,0.46296398547171597,rainfed,119889.0,35999.94,55504.28925421856,16666.67569914265
Antique,4,508.36204043325654,2209.5529278690665,0.2300746155574242,irrigated,145642.0,35093.0,33508.527159014375,8074.008483756687
Antique,4,508.36204043325654,2209.5529278690665,0.2300746155574242,rainfed,119889.0,35999.94,27583.41558456403,8282.672355590339
Antique,8,367.8222568010989,2209.5529278690665,0.16646908619465994,irrigated,145642.0,35093.0,24244.890651562662,5841.899641829202
Antique,8,367.8222568010989,2209.5529278690665,0.16646908619465994,rainfed,119889.0,35999.94,19957.812274791588,5992.8771148625865
Apayao,1,0.9205983411302965,3434.5457613697586,0.00026804078474795026,irrigated,75738.54,17805.46,20.30101769726402,4.772589471198238
Apayao,1,0.9205983411302965,3434.5457613697586,0.00026804078474795026,rainfed,21131.22,8206.0,5.664028791481582,2.19954267964168
Apayao,2,734.6040233106961,3434.5457613697586,0.2138868061020456,irrigated,75738.54,17805.46,16199.474419432025,3808.3529705777287
Apayao,2,734.6040233106961,3434.5457613697586,0.2138868061020456,rainfed,21131.22,8206.0,4519.689154839669,1755.1551308733863
Apayao,3,1783.826376788975,3434.5457613697586,0.519377670506726,irrigated,75738.54,17805.46,39336.90647278049,9247.75833710069
Apayao,3,1783.826376788975,3434.5457613697586,0.519377670506726,rainfed,21131.22,8206.0,10975.08381856514,4262.013164178194
Apayao,4,856.1529254760959,3434.5457613697586,0.24927690150637175,irrigated,75738.54,17805.46,18879.868575816396,4438.489898695641
Apayao,4,856.1529254760959,3434.5457613697586,0.24927690150637175,rainfed,21131.22,8206.0,5267.525046649473,2045.5662537612866
Apayao,6,59.041837452861444,3434.5457613697586,0.01719058110010871,irrigated,75738.54,17805.46,1301.9895142738274,306.0862041547416
Apayao,6,59.041837452861444,3434.5457613697586,0.01719058110010871,rainfed,21131.22,8206.0,363.2579511542392,141.06590850749208
Aurora,2,1309.5607208045283,2385.6593001383344,0.5489303190646679,irrigated,86435.0,22106.12,47446.79212835457,12134.719504881836
Aurora,2,1309.5607208045283,2385.6593001383344,0.5489303190646679,rainfed,3994.0,1092.0,2192.4276943442837,599.4319084186174
Aurora,3,5.287106960661459,2385.6593001383344,0.0022162036969633017,irrigated,86435.0,22106.12,191.557566547023,48.99166486951438
Aurora,3,5.287106960661459,2385.6593001383344,0.0022162036969633017,rainfed,3994.0,1092.0,8.851517565671427,2.4200944370839252
Aurora,4,490.22282196144516,2385.6593001383344,0.20548735602481846,irrigated,86435.0,22106.12,17761.299618005185,4542.52815076736
Aurora,4,490.22282196144516,2385.6593001383344,0.20548735602481846,rainfed,3994.0,1092.0,820.716499963125,224.39219277910175
Aurora,8,580.5886504116993,2385.6593001383344,0.24336612121355022,irrigated,86435.0,22106.12,21035.350687093214,5379.880679481286
Aurora,8,580.5886504116993,2385.6593001383344,0.24336612121355022,rainfed,3994.0,1092.0,972.0042881269196,265.75580436519687
Basilan,3,1809.3624161374762,1809.3624161374762,1.0,irrigated,220.18,98.0,220.18,98.0
Basilan,3,1809.3624161374762,1809.3624161374762,1.0,rainfed,53.32,39.0,53.32,39.0
Bataan,7,1012.4376890906533,1012.4376890906533,1.0,irrigated,124065.0,27931.07,124065.0,27931.07
Bataan,7,1012.4376890906533,1012.4376890906533,1.0,rainfed,1078.0,333.0,1078.0,333.0
Batanes,1,49.93741436247347,118.15673959320787,0.4226370373319278,irrigated,0.0,0.0,0.0,0.0
Batanes,1,49.93741436247347,118.15673959320787,0.4226370373319278,rainfed,84.0,79.0,35.501511135881934,33.3883259492223
Batanes,4,68.21932523073441,118.15673959320787,0.5773629626680723,irrigated,0.0,0.0,0.0,0.0
Batanes,4,68.21932523073441,118.15673959320787,0.5773629626680723,rainfed,84.0,79.0,48.49848886411807,45.61167405077771
Batangas,3,1588.564235216416,2571.949525356996,0.6176498487060772,irrigated,24435.0,7792.03,15092.274053132996,4812.746150613215
Batangas,3,1588.564235216416,2571.949525356996,0.6176498487060772,rainfed,8566.5,4989.12,5291.09742894061,3081.5292131764636
Batangas,5,573.2728898247387,2571.949525356996,0.22289430028575943,irrigated,24435.0,7792.03,5446.4222274825315,1736.799074655646
Batangas,5,573.2728898247387,2571.949525356996,0.22289430028575943,rainfed,8566.5,4989.12,1909.424023397958,1112.0464114416882
Batangas,8,410.1124003158414,2571.949525356996,0.15945585100816326,irrigated,24435.0,7792.03,3896.3037193844693,1242.4847747311383
Batangas,8,410.1124003158414,2571.949525356996,0.15945585100816326,rainfed,8566.5,4989.12,1365.9785476614306,795.5443753818474
Benguet,1,793.5852738753994,2316.1883935803908,0.3426255291127964,irrigated,18978.29,5903.0,6502.446652906094,2022.5184983528372
Benguet,1,793.5852738753994,2316.1883935803908,0.3426255291127964,rainfed,2729.0,1221.0,935.0250689488214,418.34577104672445
Benguet,2,968.7934245026261,2316.1883935803908,0.418270563477375,irrigated,18978.29,5903.0,7938.060052137032,2469.0511362069446
Benguet,2,968.7934245026261,2316.1883935803908,0.418270563477375,rainfed,2729.0,1221.0,1141.4603677297564,510.7083580058749
Benguet,6,509.13183967167765,2316.1883935803908,0.21981451987359965,irrigated,18978.29,5903.0,4171.703704371937,1297.5651108138588
Benguet,6,509.13183967167765,2316.1883935803908,0.21981451987359965,rainfed,2729.0,1221.0,599.8738247350534,268.39352876566517
Benguet,7,44.67785553068784,2316.1883935803908,0.019289387536228993,irrigated,18978.29,5903.0,366.07959058493935,113.86525462635974
Benguet,7,44.67785553068784,2316.1883935803908,0.019289387536228993,rainfed,2729.0,1221.0,52.640738586368926,23.5523421817356
Biliran,3,171.68444956232764,865.636302229143,0.19833323662629965,irrigated,53609.0,12303.0,10632.446482299298,2440.0938102133646
Biliran,3,171.68444956232764,865.636302229143,0.19833323662629965,rainfed,0.0,0.0,0.0,0.0
Biliran,4,294.634052993633,865.636302229143,0.3403670250830588,irrigated,53609.0,12303.0,18246.7358476777,4187.5355095968725
Biliran,4,294.634052993633,865.636302229143,0.3403670250830588,rainfed,0.0,0.0,0.0,0.0
Biliran,8,399.31779967318226,865.636302229143,0.46129973829064147,irrigated,53609.0,12303.0,24729.817670023,5675.370680189762
Biliran,8,399.31779967318226,865.636302229143,0.46129973829064147,rainfed,0.0,0.0,0.0,0.0
Bohol,1,102.53619295379195,5848.781035927643,0.017531207327464816,irrigated,122071.7,38243.0,2140.064281516087,670.445961824237
Bohol,1,102.53619295379195,5848.781035927643,0.017531207327464816,rainfed,66761.08,26766.0,1170.4023348854648,469.2402953269233
Bohol,3,5282.618233502914,5848.781035927643,0.903199863536192,irrigated,122071.7,38243.0,110255.14278163096,34541.07238121459
Bohol,3,5282.618233502914,5848.781035927643,0.903199863536192,rainfed,66761.08,26766.0,60298.59834552879,24175.047547409715
Bohol,4,463.62660947093616,5848.781035927643,0.07926892913634317,irrigated,122071.7,38243.0,9676.492936852943,3031.481656961172
Bohol,4,463.62660947093616,5848.781035927643,0.07926892913634317,rainfed,66761.08,26766.0,5292.079319585738,2121.7121572633614
Bukidnon,1,1559.4853423761383,7986.642490830418,0.19526169403057747,irrigated,426455.89,85985.0,83270.49951071761,16789.576761219203
Bukidnon,1,1559.4853423761383,7986.642490830418,0.19526169403057747,rainfed,58241.64,14820.0,11372.361289519042,2893.778305533158
Bukidnon,2,2838.62321490583,7986.642490830418,0.3554213448473367,irrigated,426455.89,85985.0,151571.52594186788,30560.904336698244
Bukidnon,2,2838.62321490583,7986.642490830418,0.3554213448473367,rainfed,58241.64,14820.0,20700.322014914436,5267.344330637529
Bukidnon,3,1913.137841264538,7986.642490830418,0.23954219103472327,irrigated,426455.89,85985.0,102154.17827026294,20597.03529612068
Bukidnon,3,1913.137841264538,7986.642490830418,0.23954219103472327,rainfed,58241.64,14820.0,13951.33005505558,3550.0152711345986
Bukidnon,4,1675.3960922839115,7986.642490830418,0.20977477008736253,irrigated,426455.89,85985.0,89459.68627715157,18037.48360596187
Bukidnon,4,1675.3960922839115,7986.642490830418,0.20977477008736253,rainfed,58241.64,14820.0,12217.626640510936,3108.862092694713
Bulacan,3,1225.558828133793,2209.9900430062758,0.554554004445491,irrigated,306751.77,68236.78,170110.42242424222,37840.97959946599
Bulacan,3,1225.558828133793,2209.9900430062758,0.554554004445491,rainfed,54502.05,13150.0,30224.330077988372,7292.385158458206
Bulacan,4,221.9406096426185,2209.9900430062758,0.10042606768522362,irrigated,306751.77,68236.78,30805.87401658215,6852.751486901713
Bulacan,4,221.9406096426185,2209.9900430062758,0.10042606768522362,rainfed,54502.05,13150.0,5473.426562283443,1320.6027900606907
Bulacan,5,613.7657035958721,2209.9900430062758,0.2777232890881985,irrigated,306751.77,68236.78,85192.11049802658,18950.9429783878
Bulacan,5,613.7657035958721,2209.9900430062758,0.2777232890881985,rainfed,54502.05,13150.0,15136.48858804945,3652.06125150981
Bulacan,7,148.72490163399237,2209.9900430062758,0.06729663878108705,irrigated,306751.77,68236.78,20643.363061149095,4592.105935244505
Bulacan,7,148.72490163399237,2209.9900430062758,0.06729663878108705,rainfed,54502.05,13150.0,3667.8047716787455,884.9507999712947
Cagayan,1,230.95968847155683,7358.811562525285,0.03138546034358564,irrigated,789781.0,179823.0,24787.640255617414,5643.8276353646015
Cagayan,1,230.95968847155683,7358.811562525285,0.03138546034358564,rainfed,131982.0,41290.0,4142.31582706712,1295.9056575866512
Cagayan,2,6.06996655001714,7358.811562525285,0.0008248569077279296,irrigated,789781.0,179823.0,651.456313442272,148.3282437183595
Cagayan,2,6.06996655001714,7358.811562525285,0.0008248569077279296,rainfed,131982.0,41290.0,108.8662643957476,34.05834172008621
Cagayan,3,1456.280239955391,7358.811562525285,0.19789611781493244,irrigated,789781.0,179823.0,156294.59382399515,35586.273593834594
Cagayan,3,1456.280239955391,7358.811562525285,0.19789611781493244,rainfed,131982.0,41290.0,26118.725421450414,8171.130704578561
Cagayan,4,85.56575764561626,7358.811562525285,0.011627659835911481,irrigated,789781.0,179823.0,9183.304812866005,2090.92067467311
Cagayan,4,85.56575764561626,7358.811562525285,0.011627659835911481,rainfed,131982.0,41290.0,1534.641800463269,480.10607462478504
Cagayan,5,4174.758452524552,7358.811562525285,0.5673142214681092,irrigated,789781.0,179823.0,448053.99314530473,102016.1452470598
Cagayan,5,4174.758452524552,7358.811562525285,0.5673142214681092,rainfed,131982.0,41290.0,74875.26557780399,23424.404204418228
Cagayan,6,1405.1774573781522,7358.811562525285,0.1909516836297334,irrigated,789781.0,179823.0,150810.01164877447,34337.504605349546
Cagayan,6,1405.1774573781522,7358.811562525285,0.1909516836297334,rainfed,131982.0,41290.0,25202.18510881947,7884.395017071692
Camarines Norte,8,1672.8681819402639,1672.8681819402639,1.0,irrigated,70972.22,14773.0,70972.22,14773.0
Camarines Norte,8,1672.8681819402639,1672.8681819402639,1.0,rainfed,37539.85,9820.0,37539.85,9820.0
Camarines Sur,4,340.4105998926468,4253.375897681607,0.08003303918616618,irrigated,483608.0,123556.0,38704.61801474346,9888.562189685948
Camarines Sur,4,340.4105998926468,4253.375897681607,0.08003303918616618,rainfed,166798.0,49468.0,13349.350870174147,3959.0743824612687
Camarines Sur,8,3912.96529778896,4253.375897681607,0.9199669608138338,irrigated,483608.0,123556.0,444903.3819852565,113667.43781031405
Camarines Sur,8,3912.96529778896,4253.375897681607,0.9199669608138338,rainfed,166798.0,49468.0,153448.64912982585,45508.92561753873
Camiguin,3,353.2911068518131,353.2911068518131,1.0,irrigated,2133.16,563.0,2133.16,563.0
Camiguin,3,353.2911068518131,353.2911068518131,1.0,rainfed,0.0,0.0,0.0,0.0
Capiz,2,147.99467818593334,2083.4155606996537,0.07103464185331979,irrigated,115347.08,30636.0,8193.638516626226,2176.217287818305
Capiz,2,147.99467818593334,2083.4155606996537,0.07103464185331979,rainfed,247925.61,78474.0,17611.306912615837,5574.372484797417
Capiz,3,963.3031872165967,2083.4155606996537,0.46236728062696225,irrigated,115347.08,30636.0,53332.71570786067,14165.084009287615
Capiz,3,963.3031872165967,2083.4155606996537,0.46236728062696225,rainfed,247925.61,78474.0,114632.69009348079,36283.80997992024
Capiz,4,5.967155131709788,2083.4155606996537,0.0028641214188233743,irrigated,115347.08,30636.0,330.36804242673327,87.74522378707289
Capiz,4,5.967155131709788,2083.4155606996537,0.0028641214188233743,rainfed,247925.61,78474.0,710.0890498758505,224.75906422074547
Capiz,8,966.1505401654136,2083.4155606996537,0.46373395610089446,irrigated,115347.08,30636.0,53490.35773308636,14206.953479107002
Capiz,8,966.1505401654136,2083.4155606996537,0.46373395610089446,rainfed,247925.61,78474.0,114971.52394402747,36391.058471061595
Catanduanes,4,128.40454760449563,1244.5044887495274,0.10317724746297698,irrigated,13969.55,3894.46,1441.3397172964299,401.8196631546653
Catanduanes,4,128.40454760449563,1244.5044887495274,0.10317724746297698,rainfed,13049.54,5020.53,1346.4156178580167,518.0044662052998
Catanduanes,8,1116.0999411450318,1244.5044887495274,0.8968227525370231,irrigated,13969.55,3894.46,12528.21028270357,3492.6403368453352
Catanduanes,8,1116.0999411450318,1244.5044887495274,0.8968227525370231,rainfed,13049.54,5020.53,11703.124382141987,4502.525533794701
Cavite,3,210.7068001629784,996.9440647449735,0.2113526802698594,irrigated,23415.6,6730.13,4948.94982012692,1422.431014064589
Cavite,3,210.7068001629784,996.9440647449735,0.2113526802698594,rainfed,1211.0,650.0,255.94809580679973,137.37924217540862
Cavite,5,786.2372645819951,996.9440647449735,0.7886473197301406,irrigated,23415.6,6730.13,18466.65017987308,5307.698985935411
Cavite,5,786.2372645819951,996.9440647449735,0.7886473197301406,rainfed,1211.0,650.0,955.0519041932002,512.6207578245914
Cebu,1,235.69690712283693,5247.668442313414,0.044914595827424436,irrigated,10541.0,3327.0,473.44475461688097,149.4308603178411
Cebu,1,235.69690712283693,5247.668442313414,0.044914595827424436,rainfed,665.0,304.0,29.86820622523725,13.654037131537029
Cebu,3,2363.3746930180305,5247.668442313414,0.4503666188133155,irrigated,10541.0,3327.0,4747.314528911159,1498.3697407919008
Cebu,3,2363.3746930180305,5247.668442313414,0.4503666188133155,rainfed,665.0,304.0,299.49380151085484,136.9114521192479
Cebu,4,275.23870181772645,5247.668442313414,0.052449712637787874,irrigated,10541.0,3327.0,552.872420914922,174.50019394592024
Cebu,4,275.23870181772645,5247.668442313414,0.052449712637787874,rainfed,665.0,304.0,34.87905890412894,15.944712641887513
Cebu,5,2373.3581403548196,5247.668442313414,0.4522690727214721,irrigated,10541.0,3327.0,4767.3682955570375,1504.6992049443377
Cebu,5,2373.3581403548196,5247.668442313414,0.4522690727214721,rainfed,665.0,304.0,300.75893335977895,137.48979810732752
Compostela Valley,1,392.41017659129056,3709.182104550544,0.10579426017122996,irrigated,104694.19,23650.0,11076.044375276182,2502.0342530495886
Compostela Valley,1,392.41017659129056,3709.182104550544,0.10579426017122996,rainfed,20239.1,5791.0,2141.18061103154,612.6545606515928
Compostela Valley,2,545.9754159845348,3709.182104550544,0.147195635208828,irrigated,104694.19,23650.0,15410.527799723728,3481.1767726887824
Compostela Valley,2,545.9754159845348,3709.182104550544,0.147195635208828,rainfed,20239.1,5791.0,2979.1071805549905,852.4099234943229
Compostela Valley,3,1289.454740785282,3709.182104550544,0.3476385640929674,irrigated,104694.19,23650.0,36395.73788047631,8221.652040798679
Compostela Valley,3,1289.454740785282,3709.182104550544,0.3476385640929674,rainfed,20239.1,5791.0,7035.891662533976,2013.1749246623742
Compostela Valley,4,694.6889004618496,3709.182104550544,0.18728897122888166,irrigated,104694.19,23650.0,19608.06713874107,4429.384169563052
Compostela Valley,4,694.6889004618496,3709.182104550544,0.18728897122888166,rainfed,20239.1,5791.0,3790.5602175984586,1084.5904323864538
Compostela Valley,8,786.6528707275874,3709.182104550544,0.21208256929809305,irrigated,104694.19,23650.0,22203.81280578272,5015.752763899901
Compostela Valley,8,786.6528707275874,3709.182104550544,0.21208256929809305,rainfed,20239.1,5791.0,4292.3603282810345,1228.1701588052567
Davao Oriental,1,364.49694873702475,4163.18640849249,0.08755239688366749,irrigated,60782.76,12297.0,5321.676327204709,1076.631824478459
Davao Oriental,1,364.49694873702475,4163.18640849249,0.08755239688366749,rainfed,10583.95,3327.0,926.6501909968927,291.28682443196175
Davao Oriental,2,1189.7052057920205,4163.18640849249,0.285767940480671,irrigated,60782.76,12297.0,17369.76414193091,3514.0883640908114
Davao Oriental,2,1189.7052057920205,4163.18640849249,0.285767940480671,rainfed,10583.95,3327.0,3024.553593650398,950.7499379791924
Davao Oriental,3,670.4754293011995,4163.18640849249,0.16104862081925894,irrigated,60782.76,12297.0,9788.97966758802,1980.4148902144273
Davao Oriental,3,670.4754293011995,4163.18640849249,0.16104862081925894,rainfed,10583.95,3327.0,1704.5305503199959,535.8087614656745
Davao Oriental,4,977.1105307827977,4163.18640849249,0.23470256551318205,irrigated,60782.76,12297.0,14265.869710972021,2886.1374481156
Davao Oriental,4,977.1105307827977,4163.18640849249,0.23470256551318205,rainfed,10583.95,3327.0,2484.0802182632433,780.8554354623567
Davao Oriental,6,810.3027042868123,4163.18640849249,0.19463522042488288,irrigated,60782.76,12297.0,11830.465890632755,2393.429305564785
Davao Oriental,6,810.3027042868123,4163.18640849249,0.19463522042488288,rainfed,10583.95,3327.0,2060.009441215939,647.5513783535853
Davao Oriental,8,151.0955895926354,4163.18640849249,0.036293255878337635,irrigated,60782.76,12297.0,2206.004261671586,446.2981675359179
Davao Oriental,8,151.0955895926354,4163.18640849249,0.036293255878337635,rainfed,10583.95,3327.0,384.1260055535316,120.74766230722932
Davao del Norte,2,337.07233938103286,3106.0019590237985,0.10852289980105907,irrigated,120853.0,26502.0,13115.318009657392,2876.0738905276676
Davao del Norte,2,337.07233938103286,3106.0019590237985,0.10852289980105907,rainfed,8884.38,2569.0,964.1586805345331,278.79532958892077
Davao del Norte,3,2275.6387867645767,3106.0019590237985,0.7326585162489077,irrigated,120853.0,26502.0,88543.97966422923,19416.915997628552
Davao del Norte,3,2275.6387867645767,3106.0019590237985,0.7326585162489077,rainfed,8884.38,2569.0,6509.21666859147,1882.1997282434438
Davao del Norte,4,478.6547917152098,3106.0019590237985,0.15410640367582018,irrigated,120853.0,26502.0,18624.221203433895,4084.1279102165863
Davao del Norte,4,478.6547917152098,3106.0019590237985,0.15410640367582018,rainfed,8884.38,2569.0,1369.1398506893831,395.89935104318204
Davao del Norte,8,14.636041162979025,3106.0019590237985,0.004712180274213047,irrigated,120853.0,26502.0,569.4811226794694,124.88220162719418
Davao del Norte,8,14.636041162979025,3106.0019590237985,0.004712180274213047,rainfed,8884.38,2569.0,41.86480018461291,12.105591124453317
Davao del Sur,1,312.8309434917741,4990.569414351459,0.06268441885452214,irrigated,135987.08000000002,26733.7,8524.271081523411,1675.7864483311387
Davao del Sur,1,312.8309434917741,4990.569414351459,0.06268441885452214,rainfed,4739.24,2049.0,297.0765052121055,128.44037423291587
Davao del Sur,2,404.6515106917065,4990.569414351459,0.08108323461608284,irrigated,135987.08000000002,26733.7,11026.272312396028,2167.654869255974
Davao del Sur,2,404.6515106917065,4990.569414351459,0.08108323461608284,rainfed,4739.24,2049.0,384.27290882192443,166.13954772835373
Davao del Sur,3,1414.620009370587,4990.569414351459,0.2834586380669392,irrigated,135987.08000000002,26733.7,38546.712491499915,7577.898192490133
Davao del Sur,3,1414.620009370587,4990.569414351459,0.2834586380669392,rainfed,4739.24,2049.0,1343.378515872361,580.8067493991584
Davao del Sur,4,963.9451819788064,4990.569414351459,0.19315334623074754,irrigated,135987.08000000002,26733.7,26266.359546148367,5163.703612128936
Davao del Sur,4,963.9451819788064,4990.569414351459,0.19315334623074754,rainfed,4739.24,2049.0,915.4000645906079,395.7712064268017
Davao del Sur,6,1761.899550561742,4990.569414351459,0.3530457958354451,irrigated,135987.08000000002,26733.7,48009.66688193835,9438.220392126039
Davao del Sur,6,1761.899550561742,4990.569414351459,0.3530457958354451,rainfed,4739.24,2049.0,1673.1687574551747,723.390835666827
Davao del Sur,7,132.6222182568437,4990.569414351459,0.026574566396263297,irrigated,135987.08000000002,26733.7,3613.797686493969,710.4364856677842
Davao del Sur,7,132.6222182568437,4990.569414351459,0.026574566396263297,rainfed,4739.24,2049.0,125.94324804782687,54.451286545943496
Dinagat Islands,8,468.7828643519084,468.7828643519084,1.0,irrigated,4582.0,1880.0,4582.0,1880.0
Dinagat Islands,8,468.7828643519084,468.7828643519084,1.0,rainfed,2290.9,1003.0,2290.9,1003.0
Eastern Samar,1,68.56301341934153,3555.5857968302134,0.019283183513801046,irrigated,17161.3,4833.0,330.92449723539386,93.19562592220045
Eastern Samar,1,68.56301341934153,3555.5857968302134,0.019283183513801046,rainfed,33035.2,14091.0,637.0238240151202,271.71933889297054
Eastern Samar,8,3487.022783410872,3555.5857968302134,0.9807168164861989,irrigated,17161.3,4833.0,16830.375502764604,4739.804374077799
Eastern Samar,8,3487.022783410872,3555.5857968302134,0.9807168164861989,rainfed,33035.2,14091.0,32398.176175984874,13819.280661107028
Guimaras,3,1133.9015497900346,1133.9015497900346,1.0,irrigated,16447.0,4593.0,16447.0,4593.0
Guimaras,3,1133.9015497900346,1133.9015497900346,1.0,rainfed,48544.0,16817.0,48544.0,16817.0
Ifugao,1,549.4517831147662,2196.862123122654,0.25010754081087566,irrigated,47441.09,14899.82,11865.374353287425,3726.5573387247014
Ifugao,1,549.4517831147662,2196.862123122654,0.25010754081087566,rainfed,1971.52,533.0,493.0920188594576,133.30731925219672
Ifugao,2,360.7993918111377,2196.862123122654,0.16423397172431187,irrigated,47441.09,14899.82,7791.438633630534,2447.056616577336
Ifugao,2,360.7993918111377,2196.862123122654,0.16423397172431187,rainfed,1971.52,533.0,323.79055993391535,87.53670692905823
Ifugao,3,819.3261916952619,2196.862123122654,0.37295294186722056,irrigated,47441.09,14899.82,17693.294080887576,5556.93170229205
Ifugao,3,819.3261916952619,2196.862123122654,0.37295294186722056,rainfed,1971.52,533.0,735.2841839500627,198.78391801522855
Ifugao,4,467.28475650148795,2196.862123122654,0.21270554559759178,irrigated,47441.09,14899.82,10090.982932194454,3169.27434240591
Ifugao,4,467.28475650148795,2196.862123122654,0.21270554559759178,rainfed,1971.52,533.0,419.3532372565641,113.37205580351642
Ilocos Norte,1,33.21228700354371,2860.059096369675,0.01161244781469749,irrigated,289865.85,54853.0,3366.05205638793,636.9775999796015
Ilocos Norte,1,33.21228700354371,2860.059096369675,0.01161244781469749,rainfed,52129.0,11360.0,605.3452921323654,131.91740717496347
Ilocos Norte,2,632.0277970678662,2860.059096369675,0.22098417402287618,irrigated,289865.85,54853.0,64055.76543968892,12121.644897676828
Ilocos Norte,2,632.0277970678662,2860.059096369675,0.22098417402287618,rainfed,52129.0,11360.0,11519.684007638512,2510.380216899873
Ilocos Norte,3,1017.6655326598977,2860.059096369675,0.3558197569944058,irrigated,289865.85,54853.0,103139.99630797688,19517.781130414143
Ilocos Norte,3,1017.6655326598977,2860.059096369675,0.3558197569944058,rainfed,52129.0,11360.0,18548.528112361382,4042.11243945645
Ilocos Norte,4,635.7046083745532,2860.059096369675,0.22226974581800238,irrigated,289865.85,54853.0,64428.4088008192,12192.162367354884
Ilocos Norte,4,635.7046083745532,2860.059096369675,0.22226974581800238,rainfed,52129.0,11360.0,11586.699579746646,2524.984312492507
Ilocos Norte,5,417.8523568274659,2860.059096369675,0.14609920380940852,irrigated,289865.85,54853.0,42349.16989653744,8013.979626557486
Ilocos Norte,5,417.8523568274659,2860.059096369675,0.14609920380940852,rainfed,52129.0,11360.0,7616.005395380657,1659.6869552748808
Ilocos Norte,6,21.228722146276855,2860.059096369675,0.0074224767499464816,irrigated,289865.85,54853.0,2151.522532228474,407.14511716481434
Ilocos Norte,6,21.228722146276855,2860.059096369675,0.0074224767499464816,rainfed,52129.0,11360.0,386.9262904979601,84.31933587939203
Ilocos Norte,7,102.36779229007121,2860.059096369675,0.03579219479066307,irrigated,289865.85,54853.0,10374.934966361121,1963.3092608522413
Ilocos Norte,7,102.36779229007121,2860.059096369675,0.03579219479066307,rainfed,52129.0,11360.0,1865.8113222424752,406.5993328219325
Ilocos Sur,1,3.153502243255789,2004.4378977482352,0.0015732601378163926,irrigated,165566.0,32376.0,260.47838797770885,50.935870221943524
Ilocos Sur,1,3.153502243255789,2004.4378977482352,0.0015732601378163926,rainfed,83605.0,18706.0,131.5324138221395,29.42940413799344
Ilocos Sur,2,166.20619606813557,2004.4378977482352,0.08291910477987365,irrigated,165566.0,32376.0,13728.58450198456,2684.588936353189
Ilocos Sur,2,166.20619606813557,2004.4378977482352,0.08291910477987365,rainfed,83605.0,18706.0,6932.451755121336,1551.0847740123163
Ilocos Sur,3,235.28113843360583,2004.4378977482352,0.11738010875663359,irrigated,165566.0,32376.0,19434.155086400795,3800.298401104769
Ilocos Sur,3,235.28113843360583,2004.4378977482352,0.11738010875663359,rainfed,83605.0,18706.0,9813.56399259835,2195.7123144015877
Ilocos Sur,5,665.3950886562824,2004.4378977482352,0.33196093997413456,irrigated,165566.0,32376.0,54961.44498775756,10747.567392602581
Ilocos Sur,5,665.3950886562824,2004.4378977482352,0.33196093997413456,rainfed,83605.0,18706.0,27753.59438653752,6209.661343156161
Ilocos Sur,6,513.2223303301625,2004.4378977482352,0.2560430187967965,irrigated,165566.0,32376.0,42392.0184501104,8289.648776565082
Ilocos Sur,6,513.2223303301625,2004.4378977482352,0.2560430187967965,rainfed,83605.0,18706.0,21406.47658650617,4789.540709612875
Ilocos Sur,7,421.17964201679314,2004.4378977482352,0.2101235675547454,irrigated,165566.0,32376.0,34789.318585768975,6802.960623152437
Ilocos Sur,7,421.17964201679314,2004.4378977482352,0.2101235675547454,rainfed,83605.0,18706.0,17567.38086541449,3930.5714546790673
Iloilo,1,2.8067163564398627,5154.70603313192,0.0005444959108045479,irrigated,415731.99,117786.0,226.36436854563718,64.13399535002448
Iloilo,1,2.8067163564398627,5154.70603313192,0.0005444959108045479,rainfed,578057.88,172712.0,314.75015186834605,94.04097774687507
Iloilo,2,38.355146663884355,5154.70603313192,0.007440801942410741,irrigated,415731.99,117786.0,3093.3793987142826,876.4222975887915
Iloilo,2,38.355146663884355,5154.70603313192,0.007440801942410741,rainfed,578057.88,172712.0,4301.214196329835,1285.115785077644
Iloilo,3,4538.626963972258,5154.70603313192,0.8804822107798567,irrigated,415731.99,117786.0,366044.6216471093,103708.4776789162
Iloilo,3,4538.626963972258,5154.70603313192,0.8804822107798567,rainfed,578057.88,172712.0,508969.6801411171,152069.8435882106
Iloilo,4,423.09797591053666,5154.70603313192,0.08207994271469034,irrigated,415731.99,117786.0,34123.257923864214,9667.868132592515
Iloilo,4,423.09797591053666,5154.70603313192,0.08207994271469034,rainfed,578057.88,172712.0,47446.95767617534,14176.191066139598
Iloilo,8,151.81923022880198,5154.70603313192,0.029452548652237877,irrigated,415731.99,117786.0,12244.36666176667,3469.0978955524906
Iloilo,8,151.81923022880198,5154.70603313192,0.029452548652237877,rainfed,578057.88,172712.0,17025.277834509485,5086.808582825308
Isabela,2,599.3491709807694,8876.638411604696,0.06751983613495197,irrigated,1309801.0,269960.0,88437.54888939622,18227.654962991634
Isabela,2,599.3491709807694,8876.638411604696,0.06751983613495197,rainfed,49754.64,16969.0,3359.4251397535263,1145.744099374
Isabela,3,5038.493403172243,8876.638411604696,0.5676127796965651,irrigated,1309801.0,269960.0,743459.7864593407,153232.7460068847
Isabela,3,5038.493403172243,8876.638411604696,0.5676127796965651,rainfed,49754.64,16969.0,28241.369513201906,9631.821258671012
Isabela,4,1115.3363646874054,8876.638411604696,0.12564850712284198,irrigated,1309801.0,269960.0,164574.54027800556,33920.07098288242
Isabela,4,1115.3363646874054,8876.638411604696,0.12564850712284198,rainfed,49754.64,16969.0,6251.596238434438,2132.1295173675057
Isabela,5,97.29133731655563,8876.638411604696,0.010960380811430118,irrigated,1309801.0,269960.0,14355.91774719198,2958.8644038536745
Isabela,5,97.29133731655563,8876.638411604696,0.010960380811430118,rainfed,49754.64,16969.0,545.3298015356135,185.98670198915767
Isabela,6,1571.5371105959346,8876.638411604696,0.17704192034469005,irrigated,1309801.0,269960.0,231889.68430939538,47794.23681625252
Isabela,6,1571.5371105959346,8876.638411604696,0.17704192034469005,rainfed,49754.64,16969.0,8808.657011658728,3004.2243463290456
Isabela,8,454.63102485178723,8876.638411604696,0.0512165758895208,irrigated,1309801.0,269960.0,67083.52231667023,13826.426827135034
Isabela,8,454.63102485178723,8876.638411604696,0.0512165758895208,rainfed,49754.64,16969.0,2548.262295415787,869.0940762692784
Kalinga,1,582.9323674276036,2543.0103317538956,0.22922925642443592,irrigated,104224.37,23570.0,23891.274836405286,5402.933573923955
Kalinga,1,582.9323674276036,2543.0103317538956,0.22922925642443592,rainfed,4660.44,1915.0,1068.3091958106982,438.9740260527948
Kalinga,2,524.4689134745857,2543.0103317538956,0.2062393954620166,irrigated,104224.37,23570.0,21495.171061209538,4861.062551039731
Kalinga,2,524.4689134745857,2543.0103317538956,0.2062393954620166,rainfed,4660.44,1915.0,961.1663281870007,394.9484423097618
Kalinga,3,561.9991470029306,2543.0103317538956,0.2209975869879081,irrigated,104224.37,23570.0,23033.33427533492,5208.9131253049945
Kalinga,3,561.9991470029306,2543.0103317538956,0.2209975869879081,rainfed,4660.44,1915.0,1029.9459943019265,423.21037908184405
Kalinga,4,568.5672094058633,2543.0103317538956,0.2235803772821193,irrigated,104224.37,23570.0,23302.523966591194,5269.789492539552
Kalinga,4,568.5672094058633,2543.0103317538956,0.2235803772821193,rainfed,4660.44,1915.0,1041.98293350068,428.1564224952584
Kalinga,6,305.0426944429122,2543.0103317538956,0.11995338384352001,irrigated,104224.37,23570.0,12502.065860459052,2827.3012571917666
Kalinga,6,305.0426944429122,2543.0103317538956,0.11995338384352001,rainfed,4660.44,1915.0,559.0355481996944,229.71073006034084
La Union,2,5.728123613560186,1184.5235782825887,0.004835803793678172,irrigated,114818.0,24613.0,555.2373199825404,119.02363877380085
La Union,2,5.728123613560186,1184.5235782825887,0.004835803793678172,rainfed,61299.0,14256.0,296.4299367486783,68.93921888267603
La Union,5,152.94709857517446,1184.5235782825887,0.12912119385325252,irrigated,114818.0,24613.0,14825.437235842748,3178.059944310104
La Union,5,152.94709857517446,1184.5235782825887,0.12912119385325252,rainfed,61299.0,14256.0,7915.000062010527,1840.7517395719678
La Union,6,140.12771047891428,1184.5235782825887,0.11829879374970481,irrigated,114818.0,24613.0,13582.830900753606,2911.6882105614845
La Union,6,140.12771047891428,1184.5235782825887,0.11829879374970481,rainfed,61299.0,14256.0,7251.597758063155,1686.4676036957917
La Union,7,885.7206456149398,1184.5235782825887,0.7477442086033645,irrigated,114818.0,24613.0,85854.49454342111,18404.22820635461
La Union,7,885.7206456149398,1184.5235782825887,0.7477442086033645,rainfed,61299.0,14256.0,45835.972243177646,10659.841437849565
Laguna,3,1348.2377221774489,2366.534860773484,0.5697096394078841,irrigated,127442.83,27681.04,72605.40872442028,15770.155316835217
Laguna,3,1348.2377221774489,2366.534860773484,0.5697096394078841,rainfed,1883.82,697.21,1073.2304129093602,397.2072576915709
Laguna,4,147.3611969719147,2366.534860773484,0.0622687624063779,irrigated,127442.83,27681.04,7935.70730166641,1723.664102921443
Laguna,4,147.3611969719147,2366.534860773484,0.0622687624063779,rainfed,1883.82,697.21,117.30313999638281,43.41440383735074
Laguna,5,0.8080658440634212,2366.534860773484,0.0003414552886828428,irrigated,127442.83,27681.04,43.51602830820846,9.45183750424132
Laguna,5,0.8080658440634212,2366.534860773484,0.0003414552886828428,rainfed,1883.82,697.21,0.6432403019265129,0.23806604182256486
Laguna,8,870.127875780057,2366.534860773484,0.3676801428970551,irrigated,127442.83,27681.04,46858.1979456051,10177.768742739097
Laguna,8,870.127875780057,2366.534860773484,0.3676801428970551,rainfed,1883.82,697.21,692.6432067923303,256.35027242925577
Lanao del Norte,2,134.6908330063422,2365.6524914315123,0.0569360180728986,irrigated,166450.79,34480.0,9477.04518768825,1963.1539031535438
Lanao del Norte,2,134.6908330063422,2365.6524914315123,0.0569360180728986,rainfed,21910.9,6080.0,1247.5193983934741,346.1709898832235
Lanao del Norte,3,1625.784396738384,2365.6524914315123,0.6872456553221743,irrigated,166450.79,34480.0,114392.58225244362,23696.23019550857
Lanao del Norte,3,1625.784396738384,2365.6524914315123,0.6872456553221743,rainfed,21910.9,6080.0,15058.17082919863,4178.45358435882
Lanao del Norte,4,436.8356116228945,2365.6524914315123,0.1846575577795684,irrigated,166450.79,34480.0,30736.396371879808,6366.992592239519
Lanao del Norte,4,436.8356116228945,2365.6524914315123,0.1846575577795684,rainfed,21910.9,6080.0,4046.0132827523457,1122.717951299776
Lanao del Norte,6,168.34165006389185,2365.6524914315123,0.07116076882535877,irrigated,166450.79,34480.0,11844.76618798834,2453.62330909837
Lanao del Norte,6,168.34165006389185,2365.6524914315123,0.07116076882535877,rainfed,21910.9,6080.0,1559.1964896555535,432.6574744581813
Lanao del Sur,1,481.18949854424596,3327.500044340251,0.14460991499089587,irrigated,63837.9,18856.0,9231.593292197313,2726.7645570683326
Lanao del Sur,1,481.18949854424596,3327.500044340251,0.14460991499089587,rainfed,153840.91,57241.0,22246.92091722206,8277.616143993871
Lanao del Sur,2,1082.9173851421092,3327.500044340251,0.32544473950768077,irrigated,63837.9,18856.0,20775.708736217373,6136.586008156829
Lanao del Sur,2,1082.9173851421092,3327.500044340251,0.32544473950768077,rainfed,153840.91,57241.0,50066.71488057456,18628.782334159154
Lanao del Sur,3,503.842279064204,3327.500044340251,0.15141766261466771,irrigated,63837.9,18856.0,9666.185604228896,2855.1314462621744
Lanao del Sur,3,503.842279064204,3327.500044340251,0.15141766261466771,rainfed,153840.91,57241.0,23294.23100671346,8667.298425726194
Lanao del Sur,4,1254.4756155179919,3327.500044340251,0.3770024338998075,irrigated,63837.9,18856.0,24067.04367505252,7108.75789361477
Lanao del Sur,4,1254.4756155179919,3327.500044340251,0.3770024338998075,rainfed,153840.91,57241.0,57998.39750336123,21579.99631885888
Lanao del Sur,6,5.075266071700169,3327.500044340251,0.0015252489869482333,irrigated,63837.9,18856.0,97.36869230390262,28.760094897895886
Lanao del Sur,6,5.075266071700169,3327.500044340251,0.0015252489869482333,rainfed,153840.91,57241.0,234.64569212869435,87.30677726190382
Leyte,2,85.91490397864715,6764.1907254554135,0.012701431326489208,irrigated,344454.94,77623.0,4375.070765479961,985.9232038560718
Leyte,2,85.91490397864715,6764.1907254554135,0.012701431326489208,rainfed,117555.36,34752.0,1493.1213321007165,441.400141458153
Leyte,3,1761.5690475391884,6764.1907254554135,0.2604256915627681,irrigated,344454.94,77623.0,89704.9159617118,20215.02345617675
Leyte,3,1761.5690475391884,6764.1907254554135,0.2604256915627681,rainfed,117555.36,34752.0,30614.43592491017,9050.313633189318
Leyte,4,524.749264808079,6764.1907254554135,0.07757753826090544,irrigated,344454.94,77623.0,26721.966287007886,6021.801252426263
Leyte,4,524.749264808079,6764.1907254554135,0.07757753826090544,rainfed,117555.36,34752.0,9119.655438174512,2695.974609642986
Leyte,8,4391.957509129499,6764.1907254554135,0.6492953388498373,irrigated,344454.94,77623.0,223652.98698580035,50400.25208754092
Leyte,8,4391.957509129499,6764.1907254554135,0.6492953388498373,rainfed,117555.36,34752.0,76328.1473048146,22564.311615709543
Maguindanao,1,69.35553159461645,4089.1607122426567,0.016960823131008503,irrigated,126500.22,26187.62,2145.5478574536646,444.1635910420609
Maguindanao,1,69.35553159461645,4089.1607122426567,0.016960823131008503,rainfed,379415.97,130236.82,6435.207160250027,2208.9236691649908
Maguindanao,2,37.27144611315621,4089.1607122426567,0.009114693389665059,irrigated,126500.22,26187.62,1153.0107190251756,238.6921269050605
Maguindanao,2,37.27144611315621,4089.1607122426567,0.009114693389665059,rainfed,379415.97,130236.82,3458.260233692356,1187.0686823449983
Maguindanao,3,3531.124218531066,4089.1607122426567,0.8635327557459728,irrigated,126500.22,26187.62,109237.08357907183,22613.86766502835
Maguindanao,3,3531.124218531066,4089.1607122426567,0.8635327557459728,rainfed,379415.97,130236.82,327638.1181481313,112463.76007419222
Maguindanao,4,351.97954824435476,4089.1607122426567,0.08607623251161368,irrigated,126500.22,26187.62,10888.662349490283,2254.131668045785
Maguindanao,4,351.97954824435476,4089.1607122426567,0.08607623251161368,rainfed,379415.97,130236.82,32658.69725233944,11210.29479989318
Maguindanao,6,99.42996775946311,4089.1607122426567,0.024315495221739966,irrigated,126500.22,26187.62,3075.9154949590547,636.7649489787419
Maguindanao,6,99.42996775946311,4089.1607122426567,0.024315495221739966,rainfed,379415.97,130236.82,9225.687205586833,3166.7727744046083
Marinduque,3,154.35735185609713,1399.7303009432721,0.11027649523060006,irrigated,11215.0,3267.0,1236.7508940111795,360.2733099183704
Marinduque,3,154.35735185609713,1399.7303009432721,0.11027649523060006,rainfed,7058.0,2989.0,778.3315033375752,329.61644424426356
Marinduque,8,1245.3729490871751,1399.7303009432721,0.8897235047694,irrigated,11215.0,3267.0,9978.249105988822,2906.72669008163
Marinduque,8,1245.3729490871751,1399.7303009432721,0.8897235047694,rainfed,7058.0,2989.0,6279.668496662425,2659.383555755737
Masbate,1,298.33482791981396,3407.8722970228037,0.08754284254737074,irrigated,41589.0,12474.0,3640.819278702602,1092.0094179359025
Masbate,1,298.33482791981396,3407.8722970228037,0.08754284254737074,rainfed,106421.01,40187.0,9316.397722162166,3518.084213451188
Masbate,3,2859.491712049343,3407.8722970228037,0.8390841741773778,irrigated,41589.0,12474.0,34896.67171986296,10466.73598868861
Masbate,3,2859.491712049343,3407.8722970228037,0.8390841741773778,rainfed,106421.01,40187.0,89296.18529097245,33720.27570766628
Masbate,4,250.04575705364698,3407.8722970228037,0.07337298327525146,irrigated,41589.0,12474.0,3051.5090014344332,915.2545933754867
Masbate,4,250.04575705364698,3407.8722970228037,0.07337298327525146,rainfed,106421.01,40187.0,7808.426986865368,2948.6400788825304
Metropolitan Manila,3,337.27772181625664,456.79194401714767,0.73836179957586,,0.0,0.0,0.0,0.0
Metropolitan Manila,5,119.514222200891,456.79194401714767,0.26163820042413993,,0.0,0.0,0.0,0.0
Misamis Occidental,2,50.58030861466026,1552.888215704239,0.0325717640865231,irrigated,78785.78,18169.0,2566.1918395327098,591.7963816880382
Misamis Occidental,2,50.58030861466026,1552.888215704239,0.0325717640865231,rainfed,3622.6,1060.0,117.99447257983857,34.52606993171448
Misamis Occidental,3,1137.4305582301251,1552.888215704239,0.7324613238270324,irrigated,78785.78,18169.0,57707.536717545336,13308.089792613353
Misamis Occidental,3,1137.4305582301251,1552.888215704239,0.7324613238270324,rainfed,3622.6,1060.0,2653.414391695808,776.4090032566544
Misamis Occidental,4,364.8773488594536,1552.888215704239,0.23496691208644452,irrigated,78785.78,18169.0,18512.05144292196,4269.1138256986105
Misamis Occidental,4,364.8773488594536,1552.888215704239,0.23496691208644452,rainfed,3622.6,1060.0,851.1911357243539,249.06492681163118
Misamis Oriental,2,615.899594736307,2639.6343808915817,0.23332761506473346,irrigated,22896.05,5456.0,5342.28074090289,1273.0354677931857
Misamis Oriental,2,615.899594736307,2639.6343808915817,0.23332761506473346,rainfed,1328.17,502.0,309.89873850052703,117.1304627624962
Misamis Oriental,3,1361.0074257378576,2639.6343808915817,0.5156045229559989,irrigated,22896.05,5456.0,11805.3069378267,2813.13827724793
Misamis Oriental,3,1361.0074257378576,2639.6343808915817,0.5156045229559989,rainfed,1328.17,502.0,684.8104592544692,258.83347052391144
Misamis Oriental,4,657.3181315486895,2639.6343808915817,0.24901862784749343,irrigated,22896.05,5456.0,5701.542954127602,1358.6456335359242
Misamis Oriental,4,657.3181315486895,2639.6343808915817,0.24901862784749343,rainfed,1328.17,502.0,330.7390709482054,125.0073511794417
Misamis Oriental,8,5.409228868727683,2639.6343808915817,0.002049234131774198,irrigated,22896.05,5456.0,46.919367142808625,11.180621422960025
Misamis Oriental,8,5.409228868727683,2639.6343808915817,0.002049234131774198,rainfed,1328.17,502.0,2.7217312967985365,1.0287155341506473
Mountain Province,1,984.8577063060675,1868.0412814807926,0.5272141017811838,irrigated,13718.76,4205.25,7232.723730951633,2217.067101515323
Mountain Province,1,984.8577063060675,1868.0412814807926,0.5272141017811838,rainfed,2213.15,921.0,1166.803889357027,485.56418774047023
Mountain Province,2,221.36329873342808,1868.0412814807926,0.11850021780993718,irrigated,13718.76,4205.25,1625.6760480822538,498.3230409452383
Mountain Province,2,221.36329873342808,1868.0412814807926,0.11850021780993718,rainfed,2213.15,921.0,262.2587570460625,109.13870060295214
Mountain Province,3,264.40120492883216,1868.0412814807926,0.14153927300752253,irrigated,13718.76,4205.25,1941.74331696468,595.2080278148841
Mountain Province,3,264.40120492883216,1868.0412814807926,0.14153927300752253,rainfed,2213.15,921.0,313.2476420565985,130.35767043992826
Mountain Province,4,337.7991665956713,1868.0412814807926,0.1808306753948706,irrigated,13718.76,4205.25,2480.7726363801353,760.4381977042796
Mountain Province,4,337.7991665956713,1868.0412814807926,0.1808306753948706,rainfed,2213.15,921.0,400.2054092501579,166.54505203867583
Mountain Province,6,59.61990491679362,1868.0412814807926,0.03191573200648598,irrigated,13718.76,4205.25,437.8442676212996,134.21363202027516
Mountain Province,6,59.61990491679362,1868.0412814807926,0.03191573200648598,rainfed,2213.15,921.0,70.63430229015445,29.394389177973586
Negros Occidental,2,86.01498531394385,9971.002313772264,0.00862651342434624,irrigated,342184.0,85012.0,2951.8548695964937,733.3571592305225
Negros Occidental,2,86.01498531394385,9971.002313772264,0.00862651342434624,rainfed,143504.0,41410.0,1237.9391824473828,357.2239209021778
Negros Occidental,3,7432.617895984997,9971.002313772264,0.7454233448245048,irrigated,342184.0,85012.0,255071.94182542834,63369.9293902208
Negros Occidental,3,7432.617895984997,9971.002313772264,0.7454233448245048,rainfed,143504.0,41410.0,106971.23167569573,30867.980709182742
Negros Occidental,4,930.3416430749762,9971.002313772264,0.09330472642554288,irrigated,342184.0,85012.0,31927.384507197967,7932.021402888252
Negros Occidental,4,930.3416430749762,9971.002313772264,0.09330472642554288,rainfed,143504.0,41410.0,13389.601460971106,3863.748721281731
Negros Occidental,8,1522.0277893983466,9971.002313772264,0.1526454153256061,irrigated,342184.0,85012.0,52232.818797777196,12976.692047660426
Negros Occidental,8,1522.0277893983466,9971.002313772264,0.1526454153256061,rainfed,143504.0,41410.0,21905.22768088578,6321.046648633349
Negros Oriental,3,6880.108569607252,7250.402330362661,0.9489278327073352,irrigated,48197.0,16467.0,45735.47475299543,15625.994621191689
Negros Oriental,3,6880.108569607252,7250.402330362661,0.9489278327073352,rainfed,10786.0,4910.0,10235.135603581317,4659.235658593016
Negros Oriental,4,189.03949952271864,7250.402330362661,0.02607296683814,irrigated,48197.0,16467.0,1256.6387826978337,429.3435449236514
Negros Oriental,4,189.03949952271864,7250.402330362661,0.02607296683814,rainfed,10786.0,4910.0,281.22302031617807,128.0182671752674
Negros Oriental,8,181.25426123268977,7250.402330362661,0.02499920045452478,irrigated,48197.0,16467.0,1204.8864643067309,411.6618338846596
Negros Oriental,8,181.25426123268977,7250.402330362661,0.02499920045452478,rainfed,10786.0,4910.0,269.6413761025043,122.74607423171668
North Cotabato,1,308.43835913465887,5579.932931397215,0.0552763559933015,irrigated,425231.0,94531.0,23505.22013538759,5225.329208402784
North Cotabato,1,308.43835913465887,5579.932931397215,0.0552763559933015,rainfed,96533.28,33561.0,5336.007950481052,1855.1297834911918
North Cotabato,2,236.37548845059203,5579.932931397215,0.04236170781203344,irrigated,425231.0,94531.0,18013.511374618793,4004.494601179333
North Cotabato,2,236.37548845059203,5579.932931397215,0.04236170781203344,rainfed,96533.28,33561.0,4089.3146014972112,1421.7012758796543
North Cotabato,3,4199.04185079088,5579.932931397215,0.7525255056675816,irrigated,425231.0,94531.0,319997.1733005314,71136.98857626216
North Cotabato,3,4199.04185079088,5579.932931397215,0.7525255056675816,rainfed,96533.28,33561.0,72643.75534575024,25255.508495709706
North Cotabato,4,708.2505976806334,5579.932931397215,0.1269281560169734,irrigated,425231.0,94531.0,53973.78671125362,11998.645516440512
North Cotabato,4,708.2505976806334,5579.932931397215,0.1269281560169734,rainfed,96533.28,33561.0,12252.791224670178,4259.835844085645
North Cotabato,6,127.82663534045005,5579.932931397215,0.022908274510109974,irrigated,425231.0,94531.0,9741.308478208575,2165.542097715206
North Cotabato,6,127.82663534045005,5579.932931397215,0.022908274510109974,rainfed,96533.28,33561.0,2211.410877601309,768.8246008338009
Northern Samar,8,2784.522759947658,2784.522759947658,1.0,irrigated,14004.25,4240.0,14004.25,4240.0
Northern Samar,8,2784.522759947658,2784.522759947658,1.0,rainfed,99618.5,35781.0,99618.5,35781.0
Nueva Ecija,2,416.80258114024883,4805.190416905061,0.08674007583006545,irrigated,1815295.86,298453.0,157458.90055040387,25887.835851710523
Nueva Ecija,2,416.80258114024883,4805.190416905061,0.08674007583006545,rainfed,89531.5,20878.0,7765.969099179504,1810.9593031801064
Nueva Ecija,3,2087.3199846590032,4805.190416905061,0.4343886097241094,irrigated,1815295.86,298453.0,788543.8448633316,129644.58373798963
Nueva Ecija,3,2087.3199846590032,4805.190416905061,0.4343886097241094,rainfed,89531.5,20878.0,38891.463811514106,9069.165393819956
Nueva Ecija,4,814.2275169101378,4805.190416905061,0.1694475028597446,irrigated,1815295.86,298453.0,307597.3504286326,50572.115570999355
Nueva Ecija,4,814.2275169101378,4805.190416905061,0.1694475028597446,rainfed,89531.5,20878.0,15170.889102287225,3537.724964705748
Nueva Ecija,5,703.9586164007276,4805.190416905061,0.14649962963468469,irrigated,1815295.86,298453.0,265940.17116737645,43723.25396336055
Nueva Ecija,5,703.9586164007276,4805.190416905061,0.14649962963468469,rainfed,89531.5,20878.0,13116.331590637772,3058.619267512947
Nueva Ecija,6,25.213337991803787,4805.190416905061,0.00524710486042367,irrigated,1815295.86,298453.0,9525.047730112967,1566.0141869080255
Nueva Ecija,6,25.213337991803787,4805.190416905061,0.00524710486042367,rainfed,89531.5,20878.0,469.78116881102176,109.54905527592537
Nueva Ecija,7,757.66837980314,4805.190416905061,0.15767707709097217,irrigated,1815295.86,298453.0,286230.54526014265,47059.196689031916
Nueva Ecija,7,757.66837980314,4805.190416905061,0.15767707709097217,rainfed,89531.5,20878.0,14117.065227570376,3291.982015505317
Nueva Vizcaya,1,166.61881320591021,3442.9811349449624,0.04839376304296064,irrigated,245203.0,53966.0,11866.295879423078,2611.617816376414
Nueva Vizcaya,1,166.61881320591021,3442.9811349449624,0.04839376304296064,rainfed,8652.78,2611.0,418.740584982869,126.35611530517023
Nueva Vizcaya,2,2121.195546615347,3442.9811349449624,0.6160927009114313,irrigated,245203.0,53966.0,151067.7785415857,33248.0586973863
Nueva Vizcaya,2,2121.195546615347,3442.9811349449624,0.6160927009114313,rainfed,8652.78,2611.0,5330.914600592415,1608.618042079747
Nueva Vizcaya,3,308.27935260496395,3442.9811349449624,0.08953849600744093,irrigated,245203.0,53966.0,21955.10783651254,4832.034475537557
Nueva Vizcaya,3,308.27935260496395,3442.9811349449624,0.08953849600744093,rainfed,8652.78,2611.0,774.7569074832649,233.78501307542828
Nueva Vizcaya,4,687.0200508922421,3442.9811349449624,0.19954220600259678,irrigated,245203.0,53966.0,48928.34753845474,10768.494689136138
Nueva Vizcaya,4,687.0200508922421,3442.9811349449624,0.19954220600259678,rainfed,8652.78,2611.0,1726.5948092551496,521.0046998727802
Nueva Vizcaya,6,159.867371626499,3442.9811349449624,0.046432834035570324,irrigated,245203.0,53966.0,11385.47020402395,2505.7943215635883
Nueva Vizcaya,6,159.867371626499,3442.9811349449624,0.046432834035570324,rainfed,8652.78,2611.0,401.7730976863022,121.23612966687412
Occidental Mindoro,2,2085.097698785077,8948.647954579688,0.23300700947990444,irrigated,216695.0,52717.0,50491.45391924789,12283.430518752122
Occidental Mindoro,2,2085.097698785077,8948.647954579688,0.23300700947990444,rainfed,93309.0,26713.0,21741.651047560405,6224.316244236687
Occidental Mindoro,3,4151.981709732873,8948.647954579688,0.46397866256521975,irrigated,216695.0,52717.0,100541.8562845703,24459.56315445069
Occidental Mindoro,3,4151.981709732873,8948.647954579688,0.46397866256521975,rainfed,93309.0,26713.0,43293.38502529809,12394.262013104715
Occidental Mindoro,4,1015.567881011448,8948.647954579688,0.11348841592228538,irrigated,216695.0,52717.0,24592.372288279632,5982.768822175119
Occidental Mindoro,4,1015.567881011448,8948.647954579688,0.11348841592228538,rainfed,93309.0,26713.0,10589.490601292528,3031.6160545320095
Occidental Mindoro,5,1511.8883210927931,8948.647954579688,0.16895159232619578,irrigated,216695.0,52717.0,36610.965299125,8906.621092660063
Occidental Mindoro,5,1511.8883210927931,8948.647954579688,0.16895159232619578,rainfed,93309.0,26713.0,15764.704128365001,4513.203885809668
Occidental Mindoro,6,184.1123439574975,8948.647954579688,0.0205743197063947,irrigated,216695.0,52717.0,4458.3522087772,1084.6164119620094
Occidental Mindoro,6,184.1123439574975,8948.647954579688,0.0205743197063947,rainfed,93309.0,26713.0,1919.7691974839831,549.6018023169216
Oriental Mindoro,2,559.4436983162781,6440.683493736651,0.08686092071754781,irrigated,374683.1,83844.6,32545.319043305033,7282.819153194509
Oriental Mindoro,2,559.4436983162781,6440.683493736651,0.08686092071754781,rainfed,56284.22,16052.0,4888.899171069019,1394.2914993580773
Oriental Mindoro,3,4646.939996468763,6440.683493736651,0.7214979591820894,irrigated,374683.1,83844.6,270333.0919900187,60493.707788438616
Oriental Mindoro,3,4646.939996468763,6440.683493736651,0.7214979591820894,rainfed,56284.22,16052.0,40608.94986415574,11581.485240790898
Oriental Mindoro,4,663.5157990184504,6440.683493736651,0.10301946985342429,irrigated,374683.1,83844.6,38599.654325037554,8637.62624207242
Oriental Mindoro,4,663.5157990184504,6440.683493736651,0.10301946985342429,rainfed,56284.22,16052.0,5798.370505513501,1653.6685300871668
Oriental Mindoro,5,498.6691794020259,6440.683493736651,0.07742488508975251,irrigated,374683.1,83844.6,29009.795962572247,6491.658520396264
Oriental Mindoro,5,498.6691794020259,6440.683493736651,0.07742488508975251,rainfed,56284.22,16052.0,4357.79926586635,1242.8242554607073
Oriental Mindoro,6,72.11482053113471,6440.683493736651,0.011196765157186183,irrigated,374683.1,83844.6,4195.238679066506,938.7882958982127
Oriental Mindoro,6,72.11482053113471,6440.683493736651,0.011196765157186183,rainfed,56284.22,16052.0,630.2011933954018,179.73047430315262
Palawan,3,266.9160695523943,10884.528777160283,0.024522519533641336,irrigated,243545.0,56828.0,5972.337019820679,1393.5657400577697
Palawan,3,266.9160695523943,10884.528777160283,0.024522519533641336,rainfed,143627.0,40387.0,3522.095913058304,990.3909964051726
Palawan,4,77.34611904818924,10884.528777160283,0.007106060412141097,irrigated,243545.0,56828.0,1730.6454830749035,403.82320110115427
Palawan,4,77.34611904818924,10884.528777160283,0.007106060412141097,rainfed,143627.0,40387.0,1020.6221388145893,286.9924618651425
Palawan,5,8450.880264417343,10884.528777160283,0.7764121384979362,irrigated,243545.0,56828.0,189091.29427047988,44121.94900656072
Palawan,5,8450.880264417343,10884.528777160283,0.7764121384979362,rainfed,143627.0,40387.0,111513.74621604309,31356.95703751615
Palawan,6,2089.386324142357,10884.528777160283,0.19195928155628128,irrigated,243545.0,56828.0,46750.72322662453,10908.662052280353
Palawan,6,2089.386324142357,10884.528777160283,0.19195928155628128,rainfed,143627.0,40387.0,27570.535732084012,7752.659504213532
Pampanga,5,306.4179943886306,1971.6551875557454,0.15541155285295902,irrigated,421937.8,86152.12,65574.00870536125,13389.034750774466
Pampanga,5,306.4179943886306,1971.6551875557454,0.15541155285295902,rainfed,0.0,0.0,0.0,0.0
Pampanga,7,1665.2371931671148,1971.6551875557454,0.844588447147041,irrigated,421937.8,86152.12,356363.7912946387,72763.08524922552
Pampanga,7,1665.2371931671148,1971.6551875557454,0.844588447147041,rainfed,0.0,0.0,0.0,0.0
Pangasinan,3,139.03345370759374,4451.347014176599,0.031234018211746147,irrigated,814862.0,171774.0,25451.41454805989,5365.192244304482
Pangasinan,3,139.03345370759374,4451.347014176599,0.031234018211746147,rainfed,320517.0,79763.0,10011.03381517424,2491.318994623508
Pangasinan,5,17.014282435769765,4451.347014176599,0.0038222772526120457,irrigated,814862.0,171774.0,3114.6284866179567,656.5678527901815
Pangasinan,5,17.014282435769765,4451.347014176599,0.0038222772526120457,rainfed,320517.0,79763.0,1225.1048381754551,304.8763005000946
Pangasinan,6,235.51251780666254,4451.347014176599,0.05290814601885788,irrigated,814862.0,171774.0,43112.83768121857,9088.243874243293
Pangasinan,6,235.51251780666254,4451.347014176599,0.05290814601885788,rainfed,320517.0,79763.0,16957.96023752627,4220.112450902161
Pangasinan,7,4059.786760226573,4451.347014176599,0.9120355585167839,irrigated,814862.0,171774.0,743183.1192841035,156663.99602866202
Pangasinan,7,4059.786760226573,4451.347014176599,0.9120355585167839,rainfed,320517.0,79763.0,292322.901109124,72746.69225397424
Quezon,3,270.97801742717286,6952.137769825728,0.0389776535504367,irrigated,117940.6,30458.0,4597.0478463306345,1187.181371839201
Quezon,3,270.97801742717286,6952.137769825728,0.0389776535504367,rainfed,68238.0,22873.0,2659.7571229746995,891.5358696591386
Quezon,4,565.6633035345037,6952.137769825728,0.0813653759840095,irrigated,117940.6,30458.0,9596.281262779672,2478.2266217209612
Quezon,4,565.6633035345037,6952.137769825728,0.0813653759840095,rainfed,68238.0,22873.0,5552.210526396841,1861.0702448822494
Quezon,8,6115.496448864052,6952.137769825728,0.8796569704655538,irrigated,117940.6,30458.0,103747.2708908897,26792.592006439838
Quezon,8,6115.496448864052,6952.137769825728,0.8796569704655538,rainfed,68238.0,22873.0,60026.03235062846,20120.393885458612
Quirino,2,2006.9851609308532,2719.206817059171,0.7380774232911834,irrigated,104853.0,22656.0,77389.63206435046,16721.882102085052
Quirino,2,2006.9851609308532,2719.206817059171,0.7380774232911834,rainfed,5665.36,2363.0,4181.474310816939,1744.0769512370664
Quirino,3,177.25720703700912,2719.206817059171,0.06518710012234863,irrigated,104853.0,22656.0,6835.063009128621,1476.8789403719306
Quirino,3,177.25720703700912,2719.206817059171,0.06518710012234863,rainfed,5665.36,2363.0,369.308389549149,154.0371175891098
Quirino,4,401.92783013007715,2719.206817059171,0.1478106878846248,irrigated,104853.0,22656.0,15498.394056766563,3348.798944714059
Quirino,4,401.92783013007715,2719.206817059171,0.1478106878846248,rainfed,5665.36,2363.0,837.4007587140378,349.2766554713684
Quirino,8,133.03661896123137,2719.206817059171,0.048924788701843136,irrigated,104853.0,22656.0,5129.910869754358,1108.440012828958
Quirino,8,133.03661896123137,2719.206817059171,0.048924788701843136,rainfed,5665.36,2363.0,277.176540919874,115.60927570245534
Rizal,3,713.3625561663582,1112.6981991688212,0.6411105515397039,irrigated,12442.52,3538.26,7977.030859743796,2268.415820090873
Rizal,3,713.3625561663582,1112.6981991688212,0.6411105515397039,rainfed,1344.07,856.9,861.6974590079698,549.3676316143723
Rizal,4,201.9959968647056,1112.6981991688212,0.1815370933606214,irrigated,12442.52,3538.26,2258.778914881399,642.3254359541523
Rizal,4,201.9959968647056,1112.6981991688212,0.1815370933606214,rainfed,1344.07,856.9,243.9985610732104,155.5591353007165
Rizal,8,197.33964613775734,1112.6981991688212,0.1773523550996747,irrigated,12442.52,3538.26,2206.7102253748044,627.5187439549751
Rizal,8,197.33964613775734,1112.6981991688212,0.1773523550996747,rainfed,1344.07,856.9,238.37397991881977,151.97323308491124
Romblon,2,132.53403762615199,955.7055423856461,0.13867664437240637,irrigated,19886.0,5200.0,2757.7237499896733,721.1185507365132
Romblon,2,132.53403762615199,955.7055423856461,0.13867664437240637,rainfed,16847.0,5243.0,2336.28542774193,727.0816464445267
Romblon,3,114.6600846515637,955.7055423856461,0.11997428032628911,irrigated,19886.0,5200.0,2385.8085385685854,623.8662576967033
Romblon,3,114.6600846515637,955.7055423856461,0.11997428032628911,rainfed,16847.0,5243.0,2021.2067006569926,629.0251517507338
Romblon,4,82.06904590693044,955.7055423856461,0.08587273199448911,irrigated,19886.0,5200.0,1707.6651484424103,446.5382063713434
Romblon,4,82.06904590693044,955.7055423856461,0.08587273199448911,rainfed,16847.0,5243.0,1446.6979159111581,450.2307338471064
Romblon,8,626.442374201,955.7055423856461,0.6554763433068154,irrigated,19886.0,5200.0,13034.80256299933,3408.4769851954397
Romblon,8,626.442374201,955.7055423856461,0.6554763433068154,rainfed,16847.0,5243.0,11042.809955689918,3436.662467957633
Samar,3,25.383813757543447,5547.667637251902,0.004575583004845906,irrigated,20160.0,5526.0,92.24375337769347,25.284671684778477
Samar,3,25.383813757543447,5547.667637251902,0.004575583004845906,rainfed,145983.1,54171.0,667.9577913547204,247.8639069555076
Samar,8,5522.283823494359,5547.667637251902,0.9954244169951542,irrigated,20160.0,5526.0,20067.756246622306,5500.715328315222
Samar,8,5522.283823494359,5547.667637251902,0.9954244169951542,rainfed,145983.1,54171.0,145315.1422086453,53923.13609304449
Sarangani,6,1623.5705648351498,2580.4370152746646,0.6291843417314857,irrigated,32576.89,9935.82,20496.86909030902,6251.462366262531
Sarangani,6,1623.5705648351498,2580.4370152746646,0.6291843417314857,rainfed,6532.39,2331.98,4110.077502083341,1467.2453012309902
Sarangani,7,956.8664504395149,2580.4370152746646,0.37081565826851426,irrigated,32576.89,9935.82,12080.020909690978,3684.3576337374693
Sarangani,7,956.8664504395149,2580.4370152746646,0.37081565826851426,rainfed,6532.39,2331.98,2422.31249791666,864.7346987690099
Siquijor,5,453.61185169649366,453.61185169649366,1.0,irrigated,1369.0,396.0,1369.0,396.0
Siquijor,5,453.61185169649366,453.61185169649366,1.0,rainfed,133.0,51.0,133.0,51.0
Sorsogon,8,1481.359194434587,1481.359194434587,1.0,irrigated,110490.0,24691.0,110490.0,24691.0
Sorsogon,8,1481.359194434587,1481.359194434587,1.0,rainfed,34547.0,8852.0,34547.0,8852.0
South Cotabato,3,12.252442999882584,3805.7585723762545,0.003219448308890586,irrigated,262462.0,69478.0,844.982842048041,223.68082960510014
South Cotabato,3,12.252442999882584,3805.7585723762545,0.003219448308890586,rainfed,43881.16,15384.0,141.27312635415723,49.52799278397278
South Cotabato,6,2498.73064111496,3805.7585723762545,0.6565657262790563,irrigated,262462.0,69478.0,172323.55365065366,45616.87353041628
South Cotabato,6,2498.73064111496,3805.7585723762545,0.6565657262790563,rainfed,43881.16,15384.0,28810.865685367477,10100.607133077003
South Cotabato,7,1294.7754882614122,3805.7585723762545,0.34021482541205317,irrigated,262462.0,69478.0,89293.4635072983,23637.44563997863
South Cotabato,7,1294.7754882614122,3805.7585723762545,0.34021482541205317,rainfed,43881.16,15384.0,14929.021188278371,5233.864874139026
Southern Leyte,3,19.01176381429365,1222.272357619875,0.015554441443243604,irrigated,77578.0,17646.0,1206.6824582839522,274.4736737074766
Southern Leyte,3,19.01176381429365,1222.272357619875,0.015554441443243604,rainfed,3935.6,1450.0,61.21605974402952,22.553940092703225
Southern Leyte,4,324.09867006424645,1222.272357619875,0.26516076228326246,irrigated,77578.0,17646.0,20570.641616410936,4679.026811250449
Southern Leyte,4,324.09867006424645,1222.272357619875,0.26516076228326246,rainfed,3935.6,1450.0,1043.5666960420078,384.4831053107306
Southern Leyte,8,879.161923741335,1222.272357619875,0.7192847962734941,irrigated,77578.0,17646.0,55800.67592530512,12692.499515042076
Southern Leyte,8,879.161923741335,1222.272357619875,0.7192847962734941,rainfed,3935.6,1450.0,2830.817244213963,1042.9629545965663
Sultan Kudarat,3,787.7914740605773,3758.985294708679,0.20957556688756113,irrigated,339480.98,88887.0,71146.9188310448,18628.543413934647
Sultan Kudarat,3,787.7914740605773,3758.985294708679,0.20957556688756113,rainfed,57419.0,20578.0,12033.619475116873,4312.646015412233
Sultan Kudarat,6,2765.5707332851616,3758.985294708679,0.7357226795162265,irrigated,339480.98,88887.0,249763.85625039448,65396.18181415882
Sultan Kudarat,6,2765.5707332851616,3758.985294708679,0.7357226795162265,rainfed,57419.0,20578.0,42244.46053514221,15139.701299084909
Sultan Kudarat,7,205.62308736293988,3758.985294708679,0.05470175359621237,irrigated,339480.98,88887.0,18570.2049185607,4862.274771906529
Sultan Kudarat,7,205.62308736293988,3758.985294708679,0.05470175359621237,rainfed,57419.0,20578.0,3140.919989740918,1125.652685502858
Sulu,3,924.7420680131952,924.7420680131952,1.0,irrigated,80.0,10.0,80.0,10.0
Sulu,3,924.7420680131952,924.7420680131952,1.0,rainfed,800.0,503.0,800.0,503.0
Surigao del Norte,2,27.37265967094298,1619.382789225488,0.016903143501997245,irrigated,50304.75,14279.51,850.3084080820959,241.36860666820468
Surigao del Norte,2,27.37265967094298,1619.382789225488,0.016903143501997245,rainfed,19191.35,5909.24,324.3941430470548,99.88473170774219
Surigao del Norte,4,377.3666596262907,1619.382789225488,0.2330311660325698,irrigated,50304.75,14279.51,11722.574549476914,3327.5708656737406
Surigao del Norte,4,377.3666596262907,1619.382789225488,0.2330311660325698,rainfed,19191.35,5909.24,4472.182668239158,1377.0370875663027
Surigao del Norte,8,1214.6434699282545,1619.382789225488,0.750065690465433,irrigated,50304.75,14279.51,37731.867042440994,10710.570527658056
Surigao del Norte,8,1214.6434699282545,1619.382789225488,0.750065690465433,rainfed,19191.35,5909.24,14394.773188713787,4432.318180725955
Surigao del Sur,2,92.54525484847828,3467.9507702397623,0.026685861760973043,irrigated,66623.57,19569.3,1777.907379042511,522.2236345590097
Surigao del Sur,2,92.54525484847828,3467.9507702397623,0.026685861760973043,rainfed,20406.45,7104.0,544.5637037322084,189.57636194995249
Surigao del Sur,4,704.1034470323663,3467.9507702397623,0.20303155773566156,irrigated,66623.57,19569.3,13526.68719901089,3973.1854627964817
Surigao del Sur,4,704.1034470323663,3467.9507702397623,0.20303155773566156,rainfed,20406.45,7104.0,4143.153331354891,1442.3361861541398
Surigao del Sur,8,2671.3020683589175,3467.9507702397623,0.7702825805033653,irrigated,66623.57,19569.3,51318.9754219466,15073.890902644505
Surigao del Sur,8,2671.3020683589175,3467.9507702397623,0.7702825805033653,rainfed,20406.45,7104.0,15718.732964912899,5472.087451895907
Tarlac,7,2645.958521712422,2645.958521712422,1.0,irrigated,539562.95,128510.0,539562.95,128510.0
Tarlac,7,2645.958521712422,2645.958521712422,1.0,rainfed,33774.0,8366.0,33774.0,8366.0
Tawi-Tawi,3,660.9949330283217,660.9949330283217,1.0,irrigated,0.0,0.0,0.0,0.0
Tawi-Tawi,3,660.9949330283217,660.9949330283217,1.0,rainfed,344.87,165.0,344.87,165.0
Zambales,7,3010.892339076034,3010.892339076034,1.0,irrigated,127345.16,28211.0,127345.16,28211.0
Zambales,7,3010.892339076034,3010.892339076034,1.0,rainfed,30874.5,7789.0,30874.5,7789.0
Zamboanga Sibugay,3,25.062046280656933,2388.212112130636,0.010494062128467268,irrigated,82492.27,19153.0,865.6790064982966,200.9927719465336
Zamboanga Sibugay,3,25.062046280656933,2388.212112130636,0.010494062128467268,rainfed,92316.35,24474.0,968.7735123733294,256.8316765321079
Zamboanga Sibugay,8,2363.150065849979,2388.212112130636,0.9895059378715327,irrigated,82492.27,19153.0,81626.59099350171,18952.007228053466
Zamboanga Sibugay,8,2363.150065849979,2388.212112130636,0.9895059378715327,rainfed,92316.35,24474.0,91347.57648762668,24217.168323467893
Zamboanga del Norte,2,36.025047606282286,5140.888556505102,0.00700755272368187,irrigated,56354.88,14671.0,394.9097928367649,102.80780600913671
Zamboanga del Norte,2,36.025047606282286,5140.888556505102,0.00700755272368187,rainfed,52040.52,20042.0,364.6766876678208,140.44537168803203
Zamboanga del Norte,3,1742.7104519015209,5140.888556505102,0.3389901245177461,irrigated,56354.88,14671.0,19103.74778838264,4973.324116799853
Zamboanga del Norte,3,1742.7104519015209,5140.888556505102,0.3389901245177461,rainfed,52040.52,20042.0,17641.222354768255,6794.040075584668
Zamboanga del Norte,4,208.65911443646314,5140.888556505102,0.040588141941422386,irrigated,56354.88,14671.0,2287.3398685318257,595.4686304226078
Zamboanga del Norte,4,208.65911443646314,5140.888556505102,0.040588141941422386,rainfed,52040.52,20042.0,2112.2280124654303,813.4675407899874
Zamboanga del Norte,5,58.13258708839147,5140.888556505102,0.011307887041206622,irrigated,56354.88,14671.0,637.2546172607542,165.89801078154235
Zamboanga del Norte,5,58.13258708839147,5140.888556505102,0.011307887041206622,rainfed,52040.52,20042.0,588.468321725654,226.6326720798631
Zamboanga del Norte,6,44.5215333335499,5140.888556505102,0.00866027980264499,irrigated,56354.88,14671.0,488.0490290444821,127.05496498460465
Zamboanga del Norte,6,44.5215333335499,5140.888556505102,0.00866027980264499,rainfed,52040.52,20042.0,450.68546427514264,173.5693278046109
Zamboanga del Norte,8,3050.8398221388948,5140.888556505102,0.593446013973298,irrigated,56354.88,14671.0,33443.57890394353,8706.446471002255
Zamboanga del Norte,8,3050.8398221388948,5140.888556505102,0.593446013973298,rainfed,52040.52,20042.0,30883.23915909769,11893.845012052838
Zamboanga del Sur,3,3018.852979843631,4309.083930145643,0.7005788303922864,irrigated,263983.24,55334.4,184941.06952236622,38766.10923245893
Zamboanga del Sur,3,3018.852979843631,4309.083930145643,0.7005788303922864,rainfed,98219.79000000001,23952.190000000002,68810.70559957599,16780.39725553382
Zamboanga del Sur,4,181.46339124752782,4309.083930145643,0.04211182566624887,irrigated,263983.24,55334.4,11116.816181691534,2330.2326061464814
Zamboanga del Sur,4,181.46339124752782,4309.083930145643,0.04211182566624887,rainfed,98219.79000000001,23952.190000000002,4136.2146734555745,1008.6704496048695
Zamboanga del Sur,5,183.6338007883951,4309.083930145643,0.042615508021025816,irrigated,263983.24,55334.4,11249.779881636383,2358.103567038651
Zamboanga del Sur,5,183.6338007883951,4309.083930145643,0.042615508021025816,rainfed,98219.79000000001,23952.190000000002,4185.6862485684715,1020.7347450661345
Zamboanga del Sur,6,370.0020683630273,4309.083930145643,0.0858655979695716,irrigated,263983.24,55334.4,22667.078756544932,4751.321344287463
Zamboanga del Sur,6,370.0020683630273,4309.083930145643,0.0858655979695716,rainfed,98219.79000000001,23952.190000000002,8433.70100079575,2056.6691170307936
Zamboanga del Sur,8,555.131689903061,4309.083930145643,0.12882823795086723,irrigated,263983.24,55334.4,34008.49565776089,7128.6332500684675
Zamboanga del Sur,8,555.131689903061,4309.083930145643,0.12882823795086723,rainfed,98219.79000000001,23952.190000000002,12653.482477604211,3085.7184327643827
