comparison_id,domain,metric,year,observed,modeled,unit,comparison_status,forcing_class,phase,weight,tolerance,tolerance_absolute,geography,source_id,source_url,observed_boundary,modeled_boundary,model_result_ref,constraint_refs,uncertainty_or_conflict,notes
ENE-GEN-2020,energy,Gross electricity generation,2020,366.3216,331.9804,PJ,score_ready,E,calibration,2,0.1,,Philippines,SRC_PHL_DOE_2024_POWER_SUMMARY,https://legacy.doe.gov.ph/energy-statistics/philippine-energy-situationer,"DOE gross generation; 2020 includes embedded/off-grid/commissioning, 2021 onward grid generation",National model gross grid generation,gas_delivery_four_scenario_validation_v33.json:BASE:2020:gross_grid_generation_pj,exogenous final electricity demands; residual stocks; availability; costs,10% tolerance reflects national aggregation and the documented 2020 boundary break,
ENE-GEN-2021,energy,Gross electricity generation,2021,382.014,336.0149,PJ,score_ready,E,calibration,2,0.1,,Philippines,SRC_PHL_DOE_2024_POWER_SUMMARY,https://legacy.doe.gov.ph/energy-statistics/philippine-energy-situationer,"DOE gross generation; 2020 includes embedded/off-grid/commissioning, 2021 onward grid generation",National model gross grid generation,gas_delivery_four_scenario_validation_v33.json:BASE:2021:gross_grid_generation_pj,exogenous final electricity demands; residual stocks; availability; costs,10% tolerance reflects national aggregation and the documented 2020 boundary break,
ENE-GEN-2022,energy,Gross electricity generation,2022,401.4576,351.6933,PJ,score_ready,E,calibration,2,0.1,,Philippines,SRC_PHL_DOE_2024_POWER_SUMMARY,https://legacy.doe.gov.ph/energy-statistics/philippine-energy-situationer,"DOE gross generation; 2020 includes embedded/off-grid/commissioning, 2021 onward grid generation",National model gross grid generation,gas_delivery_four_scenario_validation_v33.json:BASE:2022:gross_grid_generation_pj,exogenous final electricity demands; residual stocks; availability; costs,10% tolerance reflects national aggregation and the documented 2020 boundary break,
ENE-GEN-2023,energy,Gross electricity generation,2023,424.8144,372.777,PJ,score_ready,E,calibration,2,0.1,,Philippines,SRC_PHL_DOE_2024_POWER_SUMMARY,https://legacy.doe.gov.ph/energy-statistics/philippine-energy-situationer,"DOE gross generation; 2020 includes embedded/off-grid/commissioning, 2021 onward grid generation",National model gross grid generation,gas_delivery_four_scenario_validation_v33.json:BASE:2023:gross_grid_generation_pj,exogenous final electricity demands; residual stocks; availability; costs,10% tolerance reflects national aggregation and the documented 2020 boundary break,
ENE-GEN-2024,energy,Gross electricity generation,2024,456.9876,395.7969,PJ,score_ready,E,calibration,2,0.1,,Philippines,SRC_PHL_DOE_2024_POWER_SUMMARY,https://legacy.doe.gov.ph/energy-statistics/philippine-energy-situationer,"DOE gross generation; 2020 includes embedded/off-grid/commissioning, 2021 onward grid generation",National model gross grid generation,gas_delivery_four_scenario_validation_v33.json:BASE:2024:gross_grid_generation_pj,exogenous final electricity demands; residual stocks; availability; costs,10% tolerance reflects national aggregation and the documented 2020 boundary break,
ENE-GAS-2021,energy,Natural-gas electricity generation,2021,68.616,62.8636,PJ,score_ready,E,calibration,1,0.15,,Philippines,SRC_PHL_DOE_2024_POWER_SUMMARY,https://legacy.doe.gov.ph/energy-statistics/philippine-energy-situationer,DOE grid natural-gas generation,Legacy gas-generation route reported by v33 validation,gas_delivery_four_scenario_validation_v33.json:BASE:2021:legacy_gas_generation_pj,gas extraction envelope; residual gas stock; plant availability; VOM; take-or-pay economics,15% tolerance reflects annual copperplate aggregation and plant-class representation,
ENE-GAS-2022,energy,Natural-gas electricity generation,2022,64.3824,55.4642,PJ,score_ready,E,calibration,1,0.15,,Philippines,SRC_PHL_DOE_2024_POWER_SUMMARY,https://legacy.doe.gov.ph/energy-statistics/philippine-energy-situationer,DOE grid natural-gas generation,Legacy gas-generation route reported by v33 validation,gas_delivery_four_scenario_validation_v33.json:BASE:2022:legacy_gas_generation_pj,gas extraction envelope; residual gas stock; plant availability; VOM; take-or-pay economics,15% tolerance reflects annual copperplate aggregation and plant-class representation,
ENE-GAS-2023,energy,Natural-gas electricity generation,2023,60.0048,38.3862,PJ,score_ready,E,calibration,1,0.15,,Philippines,SRC_PHL_DOE_2024_POWER_SUMMARY,https://legacy.doe.gov.ph/energy-statistics/philippine-energy-situationer,DOE grid natural-gas generation,Legacy gas-generation route reported by v33 validation,gas_delivery_four_scenario_validation_v33.json:BASE:2023:legacy_gas_generation_pj,gas extraction envelope; residual gas stock; plant availability; VOM; take-or-pay economics,15% tolerance reflects annual copperplate aggregation and plant-class representation,
ENE-GAS-2024,energy,Natural-gas electricity generation,2024,64.9692,1.6374,PJ,score_ready,E,calibration,1,0.15,,Philippines,SRC_PHL_DOE_2024_POWER_SUMMARY,https://legacy.doe.gov.ph/energy-statistics/philippine-energy-situationer,DOE grid natural-gas generation,Legacy gas-generation route reported by v33 validation,gas_delivery_four_scenario_validation_v33.json:BASE:2024:legacy_gas_generation_pj,gas extraction envelope; residual gas stock; plant availability; VOM; take-or-pay economics,15% tolerance reflects annual copperplate aggregation and plant-class representation,
LND-RICE-IRR-AREA-2020,land,Irrigated rice area,2020,20.06,20.06,1000 km2,score_ready,J,calibration,1,0.1,,Philippines,SRC_PSA_SSAF_2022,https://psa.gov.ph/system/files/main-publication/%2528ons-cleared%2529_SSAF%25202022%2520as%2520of%252030082022_ONS-signed.pdf,2020 physical irrigation service-area stock,Solved irrigated-rice land activity,"TotalAnnualTechnologyActivityByMode.csv:sum LNDAGRPHLC*, modes 17/19, 2020",PHL_AGR_IRRIGATION residual service stock; no minimum use,,The observation sets a justified initial infrastructure stock; solved use may be lower but binds in v33.
LND-RICE-RAIN-AREA-2020,land,Rainfed rice harvested area,2020,14.6544173,10.4468,1000 km2,score_ready,E,calibration,1,0.1,,Philippines,SRC_PSA_SSAF_2022,https://psa.gov.ph/system/files/main-publication/%2528ons-cleared%2529_SSAF%25202022%2520as%2520of%252030082022_ONS-signed.pdf,2020 harvested area,Solved rainfed-rice land activity,"TotalAnnualTechnologyActivityByMode.csv:sum LNDAGRPHLC*, modes 11/14, 2020",rice final demand; cluster yields; land and water availability; crop costs,,
LND-RICE-IRR-PROD-2020,land,Irrigated rice production,2020,14.57176519,15.2556,Mt,score_ready,E,calibration,1,0.1,,Philippines,SRC_PSA_SSAF_2022,https://psa.gov.ph/system/files/main-publication/%2528ons-cleared%2529_SSAF%25202022%2520as%2520of%252030082022_ONS-signed.pdf,2020 irrigated palay production,Solved irrigated-rice production,"ProductionByTechnologyByMode.csv:CRPRCP, modes 17/19, 2020",total rice final demand; endogenous regime and cluster allocation,,
LND-RICE-RAIN-PROD-2020,land,Rainfed rice production,2020,4.72309035,4.0392,Mt,score_ready,E,calibration,1,0.2,,Philippines,SRC_PSA_SSAF_2022,https://psa.gov.ph/system/files/main-publication/%2528ons-cleared%2529_SSAF%25202022%2520as%2520of%252030082022_ONS-signed.pdf,2020 rainfed palay production,Solved rainfed-rice production,"ProductionByTechnologyByMode.csv:CRPRCP, modes 11/14, 2020",total rice final demand; endogenous regime and cluster allocation,,
LND-RICE-TOTAL-PROD-2020,land,Total rice production,2020,19.29485554,19.2948,Mt,score_ready,H,calibration,1,0.001,,Philippines,SRC_PSA_SSAF_2022,https://psa.gov.ph/system/files/main-publication/%2528ons-cleared%2529_SSAF%25202022%2520as%2520of%252030082022_ONS-signed.pdf,Sum of observed irrigated and rainfed production,Exogenous total rice final demand,"ProductionByTechnologyByMode.csv:CRPRCP, all rice modes, 2020",Specified/accumulated rice demand,,History-fixed total; retained to disclose forcing and excluded from fit credit by the comparison scorer.
WAT-AGR-WITHDRAW-2020,water,Agricultural water withdrawal,2020,67.85109005,58.2197,km3,diagnostic_only,E,calibration,1,0.2,,Philippines,SRC_FAO_AQUASTAT_PHL_2020_BOUNDARY,https://data.apps.fao.org/aquastat/,AQUASTAT variable 4250: all agricultural water withdrawal,Gross crop-irrigation withdrawal only,"TotalAnnualTechnologyActivityByMode.csv:DEMAGRSURPHL+DEMAGRGWTPHL, 2020",crop allocation; gross irrigation coefficients; source costs and national envelopes,Not scoreable: observed denominator includes agricultural uses beyond model crop irrigation.,
WAT-IRR-WITHDRAW-2006-REF,water,Irrigation water withdrawal (historical reference),2006 observation vs 2020 model,65.59,58.2197,km3,diagnostic_only,E,calibration,1,,,Philippines,SRC_FAO_AQUASTAT_TABLE4_2012,https://firebasestorage.googleapis.com/v0/b/fao-aquastat.appspot.com/o/PDF%2FTABLES%2FTable4.pdf?alt=media&token=fdba62dc-ca8f-4b80-adcd-909baa2ddf87,2006 irrigation-only withdrawal,2020 gross crop-irrigation withdrawal,,,Not scoreable because periods differ; retained as the closest internally comparable national irrigation boundary.,
WAT-TOTAL-ABSTRACT-2020,water,Total water abstraction,2020,218.58,72.5033,km3,diagnostic_only,E,calibration,1,,,Philippines,SRC_PSA_WATER_ACCOUNTS_2024_REVISION,https://psa.gov.ph/system/files/enrad/2.%20Highlights_WFA.pdf,PSA abstraction including large non-consumptive hydropower flows,"Irrigation, public supply and thermal-power cooling withdrawals; hydropower abstraction omitted","TotalAnnualTechnologyActivityByMode.csv:six raw-water delivery technologies, 2020",,Current PSA series gives 218.58 km3; retained v33 source ledger records the earlier 218.46 km3 release. Not scoreable because model omits hydropower abstraction.,
WAT-SOURCE-SHARE-2024,water,Surface-water share of total abstraction,2024,0.976,1,fraction,diagnostic_only,E,calibration,1,,0.05,Philippines,SRC_PSA_WATER_ACCOUNTS_2024_REVISION,https://psa.gov.ph/system/files/enrad/2.%20Highlights_WFA.pdf,All PSA abstraction including hydropower,Modeled withdrawals; v33 selects zero groundwater,,,Not scoreable across mismatched abstraction boundaries.,
WAT-PWR-COOL-2020,water,Thermal-power cooling-water withdrawal,2020,,10.5634,km3,evidence_gap,,calibration,1,,,Philippines,,,,NREL-factor-derived national thermal cooling withdrawal,"TotalAnnualTechnologyActivityByMode.csv:PHL_DEM_PWR_SUR_WAT+PHL_DEM_PWR_GWT_WAT, 2020",,No Philippines plant/source-matched historical cooling-water observation is retained.,
WAT-GWT-PUMP-ELE-2020,water,Electricity used for groundwater pumping,2020,,0,PJ,evidence_gap,,calibration,1,,,Philippines,,,,Zero because v33 selects no groundwater withdrawal,"UseByTechnologyByMode.csv:groundwater delivery technologies, 2020",,"No national observed pumping-electricity series matched to public, irrigation and power groundwater is retained.",
CLI-ENERGY-GHG-2020,climate,Energy GHG emissions including transport,2020,129.286,128.8966,MtCO2e,score_ready,E,calibration,2,0.1,,Philippines,SRC_PHL_BTR_2024_TABLE15,https://niccdies.climate.gov.ph/files/documents/Final-%20Philippine%20Biennial%20Transparency%20Report.pdf,2020 national energy plus transport inventory,All v33 CO2e except crop-cluster emissions,"AnnualTechnologyEmission.csv:CO2e total minus LNDAGRPHLC*, 2020",endogenous activity; physical emission factors; energy service demands and stocks,Official rounded table gives 99.854+29.431=129.285 Mt; NDC implementation table reports 129.286 Mt.,
CLI-RICE-CH4-2020,climate,Rice cultivation CH4,2020,26.985,24.24249967,MtCO2e,score_ready,E,calibration,1,0.15,,Philippines,SRC_PHL_V22_GHGI,https://niccdies.climate.gov.ph/files/documents/2015%20and%202020%20National%20GHGI%20Executive%20Brief.pdf,2020 national rice-cultivation inventory,Solved rice activity times inventory-derived water-regime factors,"AnnualTechnologyEmission.csv and TotalAnnualTechnologyActivityByMode.csv, 2020",endogenous irrigated/rainfed and cluster allocation; calibrated EARs,"Same inventory calibrated the EAR levels; this is calibration-period fit, not independent validation.",
CLI-SOIL-N2O-2020,climate,Managed-soil direct and indirect N2O,2020,9.152,5.576300331,MtCO2e,score_ready,E,calibration,1,0.2,,Philippines,SRC_PHL_V22_GHGI,https://niccdies.climate.gov.ph/files/documents/2015%20and%202020%20National%20GHGI%20Executive%20Brief.pdf,2020 national managed-soil direct plus indirect N2O,Solved managed crop activity times inventory-derived average factor,"TotalAnnualTechnologyActivityByMode.csv:LNDAGRPHLC*, modes 1-24, 2020",endogenous managed crop activity; calibrated average soil factor,Same inventory calibrated the factor; livestock/manure and crop-specific fertilizer rates are absent.,
CLI-AGR-TOTAL-2020,climate,Total agriculture GHG emissions,2020,54.08,29.8188,MtCO2e,diagnostic_only,E,calibration,1,0.15,,Philippines,SRC_PHL_BTR_2024_TABLE15,https://niccdies.climate.gov.ph/files/documents/Final-%20Philippine%20Biennial%20Transparency%20Report.pdf,Complete national agriculture inventory,Rice CH4 plus managed-soil N2O only,"AnnualTechnologyEmission.csv:LNDAGRPHLC*, CO2e, 2020",,"Not scoreable: model omits livestock, manure and other agricultural inventory categories.",
CLI-LULUCF-2020,climate,Net forestry and other-land-use GHG,2020,-25.935,,MtCO2e,evidence_gap,,calibration,1,,,Philippines,SRC_PHL_BTR_2024_TABLE15,https://niccdies.climate.gov.ph/files/documents/Final-%20Philippine%20Biennial%20Transparency%20Report.pdf,2020 national forestry plus other land use,No transition-specific land-carbon stock-change account in v33 LP,,,Observed forestry -71.355 plus other land use 45.420 MtCO2e; no comparable modeled value.,
NEX-AFF-ENERGY-2020,nexus,"Agriculture, forestry and fisheries final energy use",2020,18.3716784,50.5285,PJ,score_ready,E,calibration,2,0.15,,Philippines,SRC_PHL_V22_DOE_2024_AFF,https://legacy.doe.gov.ph/energy-statistics/philippine-energy-situationer,"DOE 2020 agriculture/forestry/fishery final energy, 438.8 ktoe",Energy inputs to agriculture and fisheries end-use service technologies,"UseByTechnologyByMode.csv:selected PHL_AGR and PHL_FSH end-use technologies, 2020",sector service demands; technology efficiencies; endogenous energy-carrier mix,Model includes agriculture and fisheries explicitly; forestry end-use energy is not separately represented.,
NEX-AFF-ELE-SHARE-2020,nexus,"Electricity share of agriculture, forestry and fisheries energy",2020,0.656,0.3315910823,fraction,score_ready,E,calibration,1,0.15,0.1,Philippines,SRC_PHL_V22_DOE_2024_AFF,https://legacy.doe.gov.ph/energy-statistics/philippine-energy-situationer,DOE 2020 AFF electricity share,Electricity inputs divided by all selected AFF energy inputs,"UseByTechnologyByMode.csv:selected PHL_AGR and PHL_FSH end-use technologies, 2020",sector service demands; technology efficiencies; endogenous carrier choice,,
NEX-BIOMASS-2020,nexus,Crop-residue biomass available to energy,2020,35.001648,110.3467,PJ,diagnostic_only,J,calibration,1,,,Philippines,SRC_PHL_V23_BIOMASS_DOE_KES_SIMPLE,https://legacy.doe.gov.ph/sites/default/files/pdf/energy_statistics/doe-pes-kes-2021.pdf,DOE other agricultural-waste biomass production: 836 ktoe,"Derived recoverable bagasse, rice-husk and cane-trash resource activity","TotalAnnualTechnologyActivityByMode.csv:PHL_PRO_SUP_CROP_RESIDUE, 2020",,Not scoreable: DOE agriwaste category and model recoverable-residue basket are not the same commodity boundary.,
NEX-WATER-POWER-2020,nexus,Water withdrawn for thermal power,2020,,10.5634,km3,evidence_gap,,calibration,1,,,Philippines,,,,,"TotalAnnualTechnologyActivityByMode.csv:power water-delivery routes, 2020",,Model value is generated from NREL generic withdrawal factors; no Philippine historical plant/source register is retained.,
NEX-WATER-CROP-2020,nexus,Gross water withdrawn for crop irrigation,2020,67.85109005,58.2197,km3,diagnostic_only,E,calibration,1,,,Philippines,SRC_FAO_AQUASTAT_PHL_2020_BOUNDARY,https://data.apps.fao.org/aquastat/,All agricultural withdrawal,Crop-irrigation withdrawal only,"TotalAnnualTechnologyActivityByMode.csv:agricultural water-delivery routes, 2020",,Retained as a nexus boundary diagnostic; excluded from scoring because the observed category is broader.,
